Tile,Source Number,APT_g,APT_error_g,m_g,m_g_error,M_g,M_g_error,APT_i,APT_error_i,m_i,m_i_error,M_i,M_I_error,g-i,,,,
1,1,-9.4612,0.0062,15.5574,,7.76986399,,-9.0225,0.0082,14.8565,,7.06896399,,-0.7009,Constant 0 points,Tile 1,Tile 2,Tile 3
1,2,-8.1645,0.0123,16.8541,,9.06656399,,-7.8936,0.0166,15.9854,,8.19786399,,-0.8687,i,23.87921634,24.17811927,24.23580185
1,3,-8.8186,0.0086,16.2,,8.41246399,,-8.3808,0.0121,15.4982,,7.71066399,,-0.7018,g,25.0186531,25.01221822,24.35286159
1,4,-5.9524,0.0546,19.0662,,11.27866399,,-5.517,0.0812,18.362,,10.57446399,,-0.7042,,,,
1,5,-9.8927,0.005,15.1259,,7.33836399,,-9.3302,0.0067,14.5488,,6.76126399,,-0.5771,,,,
1,6,-4.9719,0.1217,20.0467,,12.25916399,,-4.2027,0.246,19.6763,,11.88876399,,-0.3704,,,,
1,7,-4.8487,0.137,20.1699,,12.38236399,,-5.2518,0.1348,18.6272,,10.83966399,,-1.5427,,,,
1,8,-8.3284,0.0112,16.6902,,8.90266399,,-7.7692,0.018,16.1098,,8.32226399,,-0.5804,,,,
1,9,-7.4578,0.0222,17.5608,,9.77326399,,-6.9493,0.0331,16.9297,,9.14216399,,-0.6311,,,,
1,10,-6.8645,0.0279,18.1541,,10.36656399,,-8.393,0.011,15.486,,7.69846399,,-2.6681,,,,
1,11,-11.6794,0.0022,13.3392,,5.55166399,,-11.7016,0.0021,12.1774,,4.38986399,,-1.1618,,,,
1,12,-7.0523,0.0304,17.9663,,10.17876399,,-6.5397,0.0561,17.3393,,9.55176399,,-0.627,,,,
1,13,-7.5505,0.0209,17.4681,,9.68056399,,-7.1858,0.0274,16.6932,,8.90566399,,-0.7749,,,,
1,14,-7.2064,0.0222,17.8122,,10.02466399,,-7.1175,0.0238,16.7615,,8.97396399,,-1.0507,,,,
1,15,-9.7083,0.0057,15.3103,,7.52276399,,-9.6044,0.006,14.2746,,6.48706399,,-1.0357,,,,
1,16,-9.4832,0.0064,15.5354,,7.74786399,,-9.535,0.0063,14.344,,6.55646399,,-1.1914,,,,
1,18,-5.0346,0.1159,19.984,,12.19646399,,-5.6276,0.096,18.2514,,10.46386399,,-1.7326,,,,
1,19,-5.6014,0.0728,19.4172,,11.62966399,,-6.3515,0.0527,17.5275,,9.73996399,,-1.8897,,,,
1,20,-5.0098,0.1632,20.0088,,12.22126399,,-5.0949,0.1475,18.7841,,10.99656399,,-1.2247,,,,
1,21,-5.9691,0.0542,19.0495,,11.26196399,,-6.1292,0.0645,17.7498,,9.96226399,,-1.2997,,,,
1,22,-8.8133,0.0086,16.2053,,8.41776399,,-8.5755,0.0099,15.3035,,7.51596399,,-0.9018,,,,
1,23,-9.9861,0.0048,15.0325,,7.24496399,,-9.4296,0.0066,14.4494,,6.66186399,,-0.5831,,,,
1,24,-5.5684,0.1022,19.4502,,11.66266399,,-6.8736,0.0425,17.0054,,9.21786399,,-2.4448,,,,
1,25,-11.3983,0.0025,13.6203,,5.83276399,,-10.842,0.0032,13.037,,5.24946399,,-0.5833,,,,
1,26,-8.1602,0.013,16.8584,,9.07086399,,-7.1286,0.0286,16.7504,,8.96286399,,-0.108,,,,
1,27,-4.8873,0.1316,20.1313,,12.34376399,,-4.5338,0.1835,19.3452,,11.55766399,,-0.7861,,,,
1,28,-13.3203,0.001,11.6983,,3.91076399,,-12.6381,0.0014,11.2409,,3.45336399,,-0.4574,,,,
1,29,-7.0171,0.0272,18.0015,,10.21396399,,-7.0829,0.0298,16.7961,,9.00856399,,-1.2054,,,,
1,30,-7.4418,0.0227,17.5768,,9.78926399,,-7.2791,0.0254,16.5999,,8.81236399,,-0.9769,,,,
1,31,-11.8804,0.002,13.1382,,5.35066399,,-11.4182,0.0024,12.4608,,4.67326399,,-0.6774,,,,
1,32,-8.2375,0.0118,16.7811,,8.99356399,,-8.2076,0.0134,15.6714,,7.88386399,,-1.1097,,,,
1,33,-5.2225,0.0975,19.7961,,12.00856399,,-7.3082,0.0248,16.5708,,8.78326399,,-3.2253,,,,
1,34,-11.0844,0.0029,13.9342,,6.14666399,,-11.487,0.0024,12.392,,4.60446399,,-1.5422,,,,
1,35,-9.1582,0.0072,15.8604,,8.07286399,,-8.7001,0.0092,15.1789,,7.39136399,,-0.6815,,,,
1,36,-5.8802,0.0585,19.1384,,11.35086399,,-6.8906,0.0344,16.9884,,9.20086399,,-2.15,,,,
1,37,-7.2249,0.0219,17.7937,,10.00616399,,-7.1089,0.0289,16.7701,,8.98256399,,-1.0236,,,,
1,38,-7.7518,0.0157,17.2668,,9.47926399,,-7.3012,0.0212,16.5778,,8.79026399,,-0.689,,,,
1,39,-8.3969,0.0108,16.6217,,8.83416399,,-7.9576,0.0158,15.9214,,8.13386399,,-0.7003,,,,
1,40,-6.0863,0.049,18.9323,,11.14476399,,-5.9928,0.0701,17.8862,,10.09866399,,-1.0461,,,,
1,41,-6.2385,0.0435,18.7801,,10.99256399,,-6.0895,0.0642,17.7895,,10.00196399,,-0.9906,,,,
1,42,-5.1338,0.1482,19.8848,,12.09726399,,-5.3252,0.1593,18.5538,,10.76626399,,-1.331,,,,
1,43,-7.8194,0.0151,17.1992,,9.41166399,,-7.5638,0.0201,16.3152,,8.52766399,,-0.884,,,,
1,44,-6.0753,0.0499,18.9433,,11.15576399,,-5.4728,0.1107,18.4062,,10.61866399,,-0.5371,,,,
1,45,-6.3532,0.0402,18.6654,,10.87786399,,-6.5346,0.0359,17.3444,,9.55686399,,-1.321,,,,
1,46,-9.058,0.0076,15.9606,,8.17306399,,-8.4013,0.0119,15.4777,,7.69016399,,-0.4829,,,,
1,47,-6.507,0.0453,18.5116,,10.72406399,,-5.9068,0.0763,17.9722,,10.18466399,,-0.5394,,,,
1,48,-5.8484,0.0793,19.1702,,11.38266399,,-5.4629,0.0978,18.4161,,10.62856399,,-0.7541,,,,
1,49,-6.1456,0.047,18.873,,11.08546399,,-6.0305,0.0686,17.8485,,10.06096399,,-1.0245,,,,
1,50,-6.5524,0.044,18.4662,,10.67866399,,-6.0128,0.0539,17.8662,,10.07866399,,-0.6,,,,
1,51,-8.8572,0.0084,16.1614,,8.37386399,,-8.6369,0.0103,15.2421,,7.45456399,,-0.9193,,,,
1,52,-6.1486,0.0468,18.87,,11.08246399,,-6.6912,0.0397,17.1878,,9.40026399,,-1.6822,,,,
1,53,-6.0351,0.0512,18.9835,,11.19596399,,-5.672,0.0908,18.207,,10.41946399,,-0.7765,,,,
1,54,-5.1636,0.1031,19.855,,12.06746399,,-5.1967,0.105,18.6823,,10.89476399,,-1.1727,,,,
1,55,-11.6269,0.0022,13.3917,,5.60416399,,-10.7416,0.0033,13.1374,,5.34986399,,-0.2543,,,,
1,56,-6.3137,0.0417,18.7049,,10.91736399,,-5.9569,0.0732,17.9221,,10.13456399,,-0.7828,,,,
1,57,-5.7513,0.0636,19.2673,,11.47976399,,-6.3116,0.0538,17.5674,,9.77986399,,-1.6999,,,,
1,58,-5.6858,0.068,19.3328,,11.54526399,,-5.2751,0.1305,18.6039,,10.81636399,,-0.7289,,,,
1,59,-5.6821,0.0682,19.3365,,11.54896399,,-5.743,0.0864,18.136,,10.34846399,,-1.2005,,,,
1,60,-5.0824,0.1103,19.9362,,12.14866399,,-4.7083,0.2148,19.1707,,11.38316399,,-0.7655,,,,
1,61,-4.638,0.1611,20.3806,,12.59306399,,-5.6273,0.0951,18.2517,,10.46416399,,-2.1289,,,,
1,62,-9.8158,0.0054,15.2028,,7.41526399,,-9.3396,0.0069,14.5394,,6.75186399,,-0.6634,,,,
1,63,-7.0994,0.0236,17.9192,,10.13166399,,-6.7234,0.0387,17.1556,,9.36806399,,-0.7636,,,,
1,64,-6.9338,0.0266,18.0848,,10.29726399,,-6.6138,0.042,17.2652,,9.47766399,,-0.8196,,,,
1,65,-11.302,0.0026,13.7166,,5.92906399,,-11.1347,0.0028,12.7443,,4.95676399,,-0.9723,,,,
1,66,-5.0566,0.1156,19.962,,12.17446399,,-5.8768,0.0784,18.0022,,10.21466399,,-1.9598,,,,
1,67,-6.0449,0.0514,18.9737,,11.18616399,,-6.1494,0.062,17.7296,,9.94206399,,-1.2441,,,,
1,68,-7.2651,0.0254,17.7535,,9.96596399,,-6.774,0.0453,17.105,,9.31746399,,-0.6485,,,,
1,69,-6.5422,0.0349,18.4764,,10.68886399,,-6.2859,0.0554,17.5931,,9.80556399,,-0.8833,,,,
1,70,-4.8194,0.1373,20.1992,,12.41166399,,-5.2994,0.1264,18.5796,,10.79206399,,-1.6196,,,,
1,71,-7.8793,0.0145,17.1393,,9.35176399,,-7.3495,0.024,16.5295,,8.74196399,,-0.6098,,,,
1,72,-6.4651,0.0592,18.5535,,10.76596399,,-7.5465,0.0214,16.3325,,8.54496399,,-2.221,,,,
1,73,-8.0199,0.0153,16.9987,,9.21116399,,-7.5684,0.021,16.3106,,8.52306399,,-0.6881,,,,
1,74,-5.5122,0.1073,19.5064,,11.71886399,,-4.4358,0.2775,19.4432,,11.65566399,,-0.0632,,,,
1,75,-11.9123,0.0019,13.1063,,5.31876399,,-11.8798,0.002,11.9992,,4.21166399,,-1.1071,,,,
1,76,-6.0959,0.0646,18.9227,,11.13516399,,-5.5565,0.1295,18.3225,,10.53496399,,-0.6002,,,,
1,77,-6.1925,0.0587,18.8261,,11.03856399,,-5.7004,0.09,18.1786,,10.39106399,,-0.6475,,,,
1,78,-9.2273,0.007,15.7913,,8.00376399,,-8.6798,0.0101,15.1992,,7.41166399,,-0.5921,,,,
1,79,-8.1812,0.0136,16.8374,,9.04986399,,-7.7675,0.018,16.1115,,8.32396399,,-0.7259,,,,
1,80,-7.3001,0.0207,17.7185,,9.93096399,,-6.8913,0.034,16.9877,,9.20016399,,-0.7308,,,,
1,81,-7.2343,0.0216,17.7843,,9.99676399,,-6.738,0.0311,17.141,,9.35346399,,-0.6433,,,,
1,82,-5.8352,0.0591,19.1834,,11.39586399,,-5.7012,0.0895,18.1778,,10.39026399,,-1.0056,,,,
1,83,-4.927,0.1752,20.0916,,12.30406399,,-5.5696,0.1015,18.3094,,10.52186399,,-1.7822,,,,
1,84,-5.3656,0.0868,19.653,,11.86546399,,-5.9972,0.0692,17.8818,,10.09426399,,-1.7712,,,,
1,85,-5.0087,0.1169,20.0099,,12.22236399,,-5.3823,0.1166,18.4967,,10.70916399,,-1.5132,,,,
1,86,-8.0656,0.0147,16.953,,9.16546399,,-7.5797,0.0237,16.2993,,8.51176399,,-0.6537,,,,
1,87,-5.5836,0.0732,19.435,,11.64746399,,-5.5913,0.0995,18.2877,,10.50016399,,-1.1473,,,,
1,88,-6.7077,0.0311,18.3109,,10.52336399,,-6.3745,0.0404,17.5045,,9.71696399,,-0.8064,,,,
1,89,-7.6886,0.0162,17.33,,9.54246399,,-7.3002,0.0245,16.5788,,8.79126399,,-0.7512,,,,
1,90,-9.5943,0.006,15.4243,,7.63676399,,-9.1052,0.0079,14.7738,,6.98626399,,-0.6505,,,,
1,91,-6.7337,0.0385,18.2849,,10.49736399,,-6.5504,0.0549,17.3286,,9.54106399,,-0.9563,,,,
1,92,-4.798,0.1397,20.2206,,12.43306399,,-5.8137,0.0808,18.0653,,10.27776399,,-2.1553,,,,
1,93,-5.2451,0.1333,19.7735,,11.98596399,,-5.456,0.1097,18.423,,10.63546399,,-1.3505,,,,
1,94,-4.6612,0.157,20.3574,,12.56986399,,-5.6984,0.0886,18.1806,,10.39306399,,-2.1768,,,,
1,95,-4.6263,0.2281,20.3923,,12.60476399,,-6.7653,0.0372,17.1137,,9.32616399,,-3.2786,,,,
1,96,-6.329,0.0411,18.6896,,10.90206399,,-5.8115,0.0696,18.0675,,10.27996399,,-0.6221,,,,
1,97,-7.3646,0.0239,17.654,,9.86646399,,-6.8181,0.0361,17.0609,,9.27336399,,-0.5931,,,,
1,98,-9.7389,0.0054,15.2797,,7.49216399,,-9.2062,0.0075,14.6728,,6.88526399,,-0.6069,,,,
1,99,-5.7778,0.0625,19.2408,,11.45326399,,-5.7776,0.0836,18.1014,,10.31386399,,-1.1394,,,,
1,100,-10.0255,0.0047,14.9931,,7.20556399,,-9.4483,0.0065,14.4307,,6.64316399,,-0.5624,,,,
1,101,-5.598,0.0979,19.4206,,11.63306399,,-4.9142,0.212,18.9648,,11.17726399,,-0.4558,,,,
1,102,-8.9156,0.0082,16.103,,8.31546399,,-8.6425,0.0103,15.2365,,7.44896399,,-0.8665,,,,
1,103,-10.1263,0.0048,14.8923,,7.10476399,,-10.1985,0.0046,13.6805,,5.89296399,,-1.2118,,,,
1,104,-6.9236,0.0403,18.095,,10.30746399,,-6.3147,0.0553,17.5643,,9.77676399,,-0.5307,,,,
1,105,-9.4507,0.0062,15.5679,,7.78036399,,-9.6013,0.006,14.2777,,6.49016399,,-1.2902,,,,
1,106,-9.7809,0.0053,15.2377,,7.45016399,,-9.5738,0.0061,14.3052,,6.51766399,,-0.9325,,,,
1,107,-6.2398,0.0438,18.7788,,10.99126399,,-6.3503,0.0523,17.5287,,9.74116399,,-1.2501,,,,
1,108,-9.7817,0.0055,15.2369,,7.44936399,,-9.2335,0.0078,14.6455,,6.85796399,,-0.5914,,,,
1,109,-6.56,0.0343,18.4586,,10.67106399,,-6.6386,0.041,17.2404,,9.45286399,,-1.2182,,,,
1,110,-8.169,0.0123,16.8496,,9.06206399,,-7.7333,0.0184,16.1457,,8.35816399,,-0.7039,,,,
1,111,-6.1601,0.0466,18.8585,,11.07096399,,-5.8581,0.0786,18.0209,,10.23336399,,-0.8376,,,,
1,112,-7.2744,0.0212,17.7442,,9.95666399,,-7.014,0.0308,16.865,,9.07746399,,-0.8792,,,,
1,113,-7.3911,0.0195,17.6275,,9.83996399,,-7.0022,0.0312,16.8768,,9.08926399,,-0.7507,,,,
1,114,-7.8974,0.0143,17.1212,,9.33366399,,-7.2812,0.0252,16.5978,,8.81026399,,-0.5234,,,,
1,115,-8.1811,0.0122,16.8375,,9.04996399,,-7.7966,0.0175,16.0824,,8.29486399,,-0.7551,,,,
1,116,-6.0215,0.0514,18.9971,,11.20956399,,-5.8617,0.0777,18.0173,,10.22976399,,-0.9798,,,,
1,117,-6.8468,0.0447,18.1718,,10.38426399,,-6.1924,0.0771,17.6866,,9.89906399,,-0.4852,,,,
1,118,-5.9226,0.0554,19.096,,11.30846399,,-5.6907,0.0905,18.1883,,10.40076399,,-0.9077,,,,
1,119,-11.3947,0.0025,13.6239,,5.83636399,,-10.8848,0.0032,12.9942,,5.20666399,,-0.6297,,,,
1,120,-7.1286,0.0233,17.89,,10.10246399,,-6.5947,0.0434,17.2843,,9.49676399,,-0.6057,,,,
1,121,-6.8485,0.028,18.1701,,10.38256399,,-6.4772,0.0465,17.4018,,9.61426399,,-0.7683,,,,
1,122,-7.2186,0.0219,17.8,,10.01246399,,-6.676,0.0399,17.203,,9.41546399,,-0.597,,,,
1,123,-6.4182,0.038,18.6004,,10.81286399,,-6.1798,0.0598,17.6992,,9.91166399,,-0.9012,,,,
1,124,-6.1295,0.0477,18.8891,,11.10156399,,-6.5149,0.0459,17.3641,,9.57656399,,-1.525,,,,
1,125,-5.2954,0.0926,19.7232,,11.93566399,,-4.6308,0.2285,19.2482,,11.46066399,,-0.475,,,,
1,126,-6.118,0.0478,18.9006,,11.11306399,,-5.8273,0.0811,18.0517,,10.26416399,,-0.8489,,,,
1,127,-5.6784,0.0681,19.3402,,11.55266399,,-5.7158,0.0861,18.1632,,10.37566399,,-1.177,,,,
1,128,-6.7501,0.0302,18.2685,,10.48096399,,-6.753,0.0375,17.126,,9.33846399,,-1.1425,,,,
1,129,-6.0774,0.0496,18.9412,,11.15366399,,-5.8257,0.0816,18.0533,,10.26576399,,-0.8879,,,,
1,130,-7.345,0.024,17.6736,,9.88606399,,-7.8941,0.0166,15.9849,,8.19736399,,-1.6887,,,,
1,131,-5.5063,0.0776,19.5123,,11.72476399,,-5.6589,0.0928,18.2201,,10.43256399,,-1.2922,,,,
1,132,-6.0753,0.0653,18.9433,,11.15576399,,-5.7122,0.0889,18.1668,,10.37926399,,-0.7765,,,,
1,133,-5.4722,0.1092,19.5464,,11.75886399,,-5.789,0.0834,18.09,,10.30246399,,-1.4564,,,,
1,134,-6.1027,0.0483,18.9159,,11.12836399,,-7.2458,0.026,16.6332,,8.84566399,,-2.2827,,,,
1,135,-5.0336,0.1145,19.985,,12.19746399,,-5.2234,0.1354,18.6556,,10.86806399,,-1.3294,,,,
1,136,-5.3465,0.0882,19.6721,,11.88456399,,-5.5583,0.1018,18.3207,,10.53316399,,-1.3514,,,,
1,137,-9.2111,0.007,15.8075,,8.01996399,,-8.6215,0.0104,15.2575,,7.46996399,,-0.55,,,,
1,138,-6.7188,0.0308,18.2998,,10.51226399,,-6.619,0.0421,17.26,,9.47246399,,-1.0398,,,,
1,140,-4.5769,0.2099,20.4417,,12.65416399,,-4.1197,0.3623,19.7593,,11.97176399,,-0.6824,,,,
1,141,-6.2365,0.0448,18.7821,,10.99456399,,-5.9311,0.0746,17.9479,,10.16036399,,-0.8342,,,,
1,142,-5.926,0.0763,19.0926,,11.30506399,,-5.4689,0.1422,18.4101,,10.62256399,,-0.6825,,,,
1,143,-5.6724,0.0916,19.3462,,11.55866399,,-6.9537,0.0387,16.9253,,9.13776399,,-2.4209,,,,
1,144,-6.6936,0.0488,18.325,,10.53746399,,-7.099,0.0296,16.78,,8.99246399,,-1.545,,,,
1,145,-8.6396,0.0095,16.379,,8.59146399,,-8.5137,0.0111,15.3653,,7.57776399,,-1.0137,,,,
1,146,-5.1557,0.1034,19.8629,,12.07536399,,-5.0498,0.1585,18.8292,,11.04166399,,-1.0337,,,,
1,147,-6.6456,0.0321,18.373,,10.58546399,,-6.2921,0.0547,17.5869,,9.79936399,,-0.7861,,,,
1,148,-11.2751,0.0026,13.7435,,5.95596399,,-10.8473,0.0032,13.0317,,5.24416399,,-0.7118,,,,
1,149,-5.0057,0.1185,20.0129,,12.22536399,,-5.2626,0.1313,18.6164,,10.82886399,,-1.3965,,,,
1,150,-5.9438,0.0726,19.0748,,11.28726399,,-6.4453,0.0594,17.4337,,9.64616399,,-1.6411,,,,
1,151,-5.959,0.0542,19.0596,,11.27206399,,-5.5931,0.0988,18.2859,,10.49836399,,-0.7737,,,,
1,152,-8.6994,0.0092,16.3192,,8.53166399,,-8.2956,0.0126,15.5834,,7.79586399,,-0.7358,,,,
1,153,-6.2663,0.0427,18.7523,,10.96476399,,-6.3821,0.0503,17.4969,,9.70936399,,-1.2554,,,,
1,154,-5.9609,0.0722,19.0577,,11.27016399,,-5.3775,0.1532,18.5015,,10.71396399,,-0.5562,,,,
1,155,-7.9933,0.0136,17.0253,,9.23776399,,-9.1375,0.0078,14.7415,,6.95396399,,-2.2838,,,,
1,156,-6.3078,0.0552,18.7108,,10.92326399,,-6.4527,0.0605,17.4263,,9.63876399,,-1.2845,,,,
1,157,-6.5535,0.0348,18.4651,,10.67756399,,-6.4859,0.047,17.3931,,9.60556399,,-1.072,,,,
1,158,-5.3489,0.0885,19.6697,,11.88216399,,-5.1435,0.1451,18.7355,,10.94796399,,-0.9342,,,,
1,159,-5.7145,0.0658,19.3041,,11.51656399,,-7.099,0.0291,16.78,,8.99246399,,-2.5241,,,,
1,160,-5.3933,0.0864,19.6253,,11.83776399,,-5.5617,0.1017,18.3173,,10.52976399,,-1.308,,,,
1,161,-5.1693,0.103,19.8493,,12.06176399,,-6.4072,0.05,17.4718,,9.68426399,,-2.3775,,,,
1,162,-10.048,0.0048,14.9706,,7.18306399,,-9.9601,0.005,13.9189,,6.13136399,,-1.0517,,,,
1,163,-8.4101,0.0119,16.6085,,8.82096399,,-7.6208,0.0231,16.2582,,8.47066399,,-0.3503,,,,
1,164,-6.4241,0.0381,18.5945,,10.80696399,,-6.9399,0.0328,16.9391,,9.15156399,,-1.6554,,,,
1,165,-6.6762,0.0409,18.3424,,10.55486399,,-6.216,0.0605,17.663,,9.87546399,,-0.6794,,,,
1,166,-6.2857,0.0549,18.7329,,10.94536399,,-6.0558,0.0831,17.8232,,10.03566399,,-0.9097,,,,
1,167,-5.576,0.0742,19.4426,,11.65506399,,-5.6787,0.0923,18.2003,,10.41276399,,-1.2423,,,,
1,168,-9.0689,0.0076,15.9497,,8.16216399,,-8.541,0.011,15.338,,7.55046399,,-0.6117,,,,
1,169,-5.5964,0.1006,19.4222,,11.63466399,,-5.3762,0.1544,18.5028,,10.71526399,,-0.9194,,,,
1,170,-8.9073,0.0082,16.1113,,8.32376399,,-8.5251,0.0111,15.3539,,7.56636399,,-0.7574,,,,
1,171,-8.6973,0.0099,16.3213,,8.53376399,,-8.2843,0.0129,15.5947,,7.80716399,,-0.7266,,,,
1,172,-11.3571,0.0025,13.6615,,5.87396399,,-10.9947,0.003,12.8843,,5.09676399,,-0.7772,,,,
1,173,-9.5066,0.0061,15.512,,7.72446399,,-9.3786,0.0068,14.5004,,6.71286399,,-1.0116,,,,
1,174,-5.4669,0.0819,19.5517,,11.76416399,,-5.8501,0.0795,18.0289,,10.24136399,,-1.5228,,,,
1,175,-9.4415,0.007,15.5771,,7.78956399,,-9.2281,0.0074,14.6509,,6.86336399,,-0.9262,,,,
1,176,-9.227,0.007,15.7916,,8.00406399,,-8.7972,0.0094,15.0818,,7.29426399,,-0.7098,,,,
1,177,-8.8543,0.0091,16.1643,,8.37676399,,-8.9257,0.0088,14.9533,,7.16576399,,-1.211,,,,
1,178,-6.0389,0.0683,18.9797,,11.19216399,,-5.5042,0.1368,18.3748,,10.58726399,,-0.6049,,,,
1,179,-5.484,0.1405,19.5346,,11.74706399,,-5.1992,0.1534,18.6798,,10.89226399,,-0.8548,,,,
1,180,-6.5927,0.0431,18.4259,,10.63836399,,-6.1724,0.0753,17.7066,,9.91906399,,-0.7193,,,,
1,181,-7.1096,0.0289,17.909,,10.12146399,,-7.0925,0.0296,16.7865,,8.99896399,,-1.1225,,,,
1,182,-7.6341,0.0198,17.3845,,9.59696399,,-7.1079,0.029,16.7711,,8.98356399,,-0.6134,,,,
1,183,-7.6422,0.0229,17.3764,,9.58886399,,-8.2693,0.0147,15.6097,,7.82216399,,-1.7667,,,,
1,184,-9.5332,0.0062,15.4854,,7.69786399,,-9.1371,0.0078,14.7419,,6.95436399,,-0.7435,,,,
1,185,-8.0653,0.0147,16.9533,,9.16576399,,-7.7134,0.0188,16.1656,,8.37806399,,-0.7877,,,,
1,186,-9.3556,0.0065,15.663,,7.87546399,,-9.9981,0.0049,13.8809,,6.09336399,,-1.7821,,,,
1,187,-5.308,0.1624,19.7106,,11.92306399,,-5.7104,0.1139,18.1686,,10.38106399,,-1.542,,,,
1,188,-5.8537,0.0792,19.1649,,11.37736399,,-5.1718,0.1462,18.7072,,10.91966399,,-0.4577,,,,
1,189,-8.7725,0.0096,16.2461,,8.45856399,,-8.5721,0.0119,15.3069,,7.51936399,,-0.9392,,,,
1,190,-9.6976,0.0055,15.321,,7.53346399,,-9.6806,0.0058,14.1984,,6.41086399,,-1.1226,,,,
1,191,-7.4679,0.019,17.5507,,9.76316399,,-7.3055,0.0254,16.5735,,8.78596399,,-0.9772,,,,
1,192,-13.0589,0.0011,11.9597,,4.17216399,,-12.3747,0.0016,11.5043,,3.71676399,,-0.4554,,,,
1,193,-5.1824,0.1437,19.8362,,12.04866399,,-5.2414,0.136,18.6376,,10.85006399,,-1.1986,,,,
1,194,-5.4101,0.1532,19.6085,,11.82096399,,-6.1364,0.0808,17.7426,,9.95506399,,-1.8659,,,,
1,195,-6.8664,0.0352,18.1522,,10.36466399,,-6.3161,0.0544,17.5629,,9.77536399,,-0.5893,,,,
1,196,-6.0553,0.0677,18.9633,,11.17576399,,-5.2146,0.1417,18.6644,,10.87686399,,-0.2989,,,,
1,197,-5.7764,0.0859,19.2422,,11.45466399,,-6.2678,0.0576,17.6112,,9.82366399,,-1.631,,,,
1,198,-9.0152,0.0083,16.0034,,8.21586399,,-8.9417,0.0087,14.9373,,7.14976399,,-1.0661,,,,
1,199,-6.5983,0.0434,18.4203,,10.63276399,,-8.268,0.0146,15.611,,7.82346399,,-2.8093,,,,
1,200,-6.2596,0.0721,18.759,,10.97146399,,-5.3254,0.1665,18.5536,,10.76606399,,-0.2054,,,,
1,201,-8.6195,0.0117,16.3991,,8.61156399,,-8.2391,0.0168,15.6399,,7.85236399,,-0.7592,,,,
1,202,-11.0038,0.003,14.0148,,6.22726399,,-11.1923,0.0028,12.6867,,4.89916399,,-1.3281,,,,
2,1,-13.3664,0.001,11.6458,,3.85826399,,-12.961,0.0012,11.2171,,3.42956399,,-0.4287,,,,
2,2,-9.4515,0.0063,15.5607,,7.77316399,,-9.3057,0.0076,14.8724,,7.08486399,,-0.6883,,,,
2,3,-6.022,0.0522,18.9902,,11.20266399,,-5.0516,0.1609,19.1265,,11.33896399,,0.1363,,,,
2,4,-5.3515,0.089,19.6607,,11.87316399,,-3.8777,0.4603,20.3004,,12.51286399,,0.6397,,,,
2,5,-8.2242,0.0135,16.788,,9.00046399,,-7.595,0.0243,16.5831,,8.79556399,,-0.2049,,,,
2,6,-5.376,0.0877,19.6362,,11.84866399,,-4.4892,0.2653,19.6889,,11.90136399,,0.0527,,,,
2,7,-6.8263,0.0357,18.1859,,10.39836399,,-6.4546,0.0383,17.7235,,9.93596399,,-0.4624,,,,
2,8,-9.5711,0.0061,15.4411,,7.65356399,,-8.9105,0.0088,15.2676,,7.48006399,,-0.1735,,,,
2,9,-5.0236,0.1633,19.9886,,12.20106399,,-5.3511,0.1237,18.827,,11.03946399,,-1.1616,,,,
2,10,-6.8423,0.0353,18.1699,,10.38236399,,-6.0625,0.0512,18.1156,,10.32806399,,-0.0543,,,,
2,11,-5.6716,0.0923,19.3406,,11.55306399,,-5.671,0.0931,18.5071,,10.71956399,,-0.8335,,,,
2,12,-6.4072,0.0499,18.605,,10.81746399,,-5.9156,0.075,18.2625,,10.47496399,,-0.3425,,,,
2,13,-5.754,0.0856,19.2582,,11.47066399,,-6.8003,0.0366,17.3778,,9.59026399,,-1.8804,,,,
2,14,-8.0212,0.0151,16.991,,9.20346399,,-7.8933,0.0164,16.2848,,8.49726399,,-0.7062,,,,
2,15,-6.0771,0.065,18.9351,,11.14756399,,-5.6663,0.0932,18.5118,,10.72426399,,-0.4233,,,,
2,16,-5.4009,0.1142,19.6113,,11.82376399,,-4.6415,0.166,19.5366,,11.74906399,,-0.0747,,,,
2,17,-5.7802,0.0796,19.232,,11.44446399,,-6.0045,0.0533,18.1736,,10.38606399,,-1.0584,,,,
2,18,-6.5818,0.0434,18.4304,,10.64286399,,-7.6494,0.0182,16.5287,,8.74116399,,-1.9017,,,,
2,19,-8.9899,0.0084,16.0223,,8.23476399,,-8.9699,0.0085,15.2082,,7.42066399,,-0.8141,,,,
2,20,-6.5938,0.0421,18.4184,,10.63086399,,-6.6708,0.0376,17.5073,,9.71976399,,-0.9111,,,,
2,21,-8.2319,0.0132,16.7803,,8.99276399,,-7.749,0.0159,16.4291,,8.64156399,,-0.3512,,,,
2,22,-6.5259,0.0458,18.4863,,10.69876399,,-5.7724,0.1062,18.4057,,10.61816399,,-0.0806,,,,
2,23,-10.8067,0.0033,14.2055,,6.41796399,,-11.0954,0.0029,13.0827,,5.29516399,,-1.1228,,,,
2,24,-5.9231,0.0749,19.0891,,11.30156399,,-5.0141,0.1678,19.164,,11.37646399,,0.0749,,,,
2,25,-6.1633,0.062,18.8489,,11.06136399,,-5.7698,0.1077,18.4083,,10.62076399,,-0.4406,,,,
2,26,-7.0748,0.0297,17.9374,,10.14986399,,-8.3551,0.0112,15.823,,8.03546399,,-2.1144,,,,
2,27,-7.6264,0.0233,17.3858,,9.59826399,,-7.4206,0.0274,16.7575,,8.96996399,,-0.6283,,,,
2,28,-5.1326,0.1484,19.8796,,12.09206399,,-5.3921,0.0881,18.786,,10.99846399,,-1.0936,,,,
2,29,-7.3082,0.0248,17.704,,9.91646399,,-6.8206,0.0358,17.3575,,9.56996399,,-0.3465,,,,
2,30,-6.6759,0.0399,18.3363,,10.54876399,,-6.2083,0.0584,17.9698,,10.18226399,,-0.3665,,,,
2,31,-8.4922,0.0112,16.52,,8.73246399,,-8.05,0.0132,16.1281,,8.34056399,,-0.3919,,,,
2,32,-5.7812,0.0833,19.231,,11.44346399,,-6.5193,0.0455,17.6588,,9.87126399,,-1.5722,,,,
2,33,-8.8503,0.0091,16.1619,,8.37436399,,-8.3297,0.012,15.8484,,8.06086399,,-0.3135,,,,
2,34,-5.7253,0.088,19.2869,,11.49936399,,-4.5807,0.2464,19.5974,,11.80986399,,0.3105,,,,
2,35,-5.3813,0.118,19.6309,,11.84336399,,-4.6637,0.2246,19.5144,,11.72686399,,-0.1165,,,,
2,36,-7.1379,0.028,17.8743,,10.08676399,,-6.1326,0.0481,18.0455,,10.25796399,,0.1712,,,,
2,37,-9.645,0.0059,15.3672,,7.57966399,,-8.9869,0.0084,15.1912,,7.40366399,,-0.176,,,,
2,38,-4.806,0.1983,20.2062,,12.41866399,,-4.966,0.1284,19.2121,,11.42456399,,-0.9941,,,,
2,39,-6.5282,0.045,18.484,,10.69646399,,-6.5582,0.0441,17.6199,,9.83236399,,-0.8641,,,,
2,40,-7.0096,0.0307,18.0026,,10.21506399,,-6.3698,0.0509,17.8083,,10.02076399,,-0.1943,,,,
2,41,-7.985,0.0155,17.0272,,9.23966399,,-7.6127,0.02,16.5654,,8.77786399,,-0.4618,,,,
2,42,-5.4635,0.1101,19.5487,,11.76116399,,-4.8379,0.1902,19.3402,,11.55266399,,-0.2085,,,,
2,43,-7.1793,0.0272,17.8329,,10.04536399,,-6.4998,0.0467,17.6783,,9.89076399,,-0.1546,,,,
2,44,-6.2898,0.0442,18.7224,,10.93486399,,-6.6835,0.0423,17.4946,,9.70706399,,-1.2278,,,,
2,45,-9.0181,0.0082,15.9941,,8.20656399,,-8.7308,0.0097,15.4473,,7.65976399,,-0.5468,,,,
2,46,-11.5418,0.0023,13.4704,,5.68286399,,-10.9118,0.0031,13.2663,,5.47876399,,-0.2041,,,,
2,47,-10.2553,0.0043,14.7569,,6.96936399,,-9.952,0.005,14.2261,,6.43856399,,-0.5308,,,,
2,48,-6.7722,0.0299,18.24,,10.45246399,,-8.4745,0.0104,15.7036,,7.91606399,,-2.5364,,,,
2,49,-5.5903,0.0978,19.4219,,11.63436399,,-5.68,0.0919,18.4981,,10.71056399,,-0.9238,,,,
2,50,-6.8263,0.0357,18.1859,,10.39836399,,-6.3574,0.0514,17.8207,,10.03316399,,-0.3652,,,,
2,51,-6.2008,0.0452,18.8114,,11.02386399,,-6.9531,0.0293,17.225,,9.43746399,,-1.5864,,,,
2,52,-5.484,0.1092,19.5282,,11.74066399,,-5.2903,0.1299,18.8878,,11.10026399,,-0.6404,,,,
2,53,-6.4881,0.0463,18.5241,,10.73656399,,-6.0147,0.053,18.1634,,10.37586399,,-0.3607,,,,
2,54,-8.1143,0.0142,16.8979,,9.11036399,,-7.5713,0.0205,16.6068,,8.81926399,,-0.2911,,,,
2,55,-7.9962,0.0135,17.016,,9.22846399,,-7.5125,0.0184,16.6656,,8.87806399,,-0.3504,,,,
2,56,-9.97,0.005,15.0422,,7.25466399,,-9.3167,0.007,14.8614,,7.07386399,,-0.1808,,,,
2,57,-6.5714,0.0541,18.4408,,10.65326399,,-6.2254,0.0728,17.9527,,10.16516399,,-0.4881,,,,
2,58,-8.3405,0.0123,16.6717,,8.88416399,,-8.2519,0.0118,15.9262,,8.13866399,,-0.7455,,,,
2,59,-5.9688,0.0709,19.0434,,11.25586399,,-6.0096,0.0691,18.1685,,10.38096399,,-0.8749,,,,
2,60,-5.5882,0.0991,19.424,,11.63646399,,-4.4942,0.2554,19.6839,,11.89636399,,0.2599,,,,
2,61,-5.6178,0.0953,19.3944,,11.60686399,,-5.1517,0.1083,19.0264,,11.23886399,,-0.368,,,,
2,62,-6.8632,0.0346,18.149,,10.36146399,,-6.468,0.0476,17.7101,,9.92256399,,-0.4389,,,,
2,63,-7.5848,0.0202,17.4274,,9.63986399,,-7.0941,0.0291,17.084,,9.29646399,,-0.3434,,,,
2,64,-6.1538,0.0629,18.8584,,11.07086399,,-6.5195,0.0569,17.6586,,9.87106399,,-1.1998,,,,
2,65,-5.5285,0.1032,19.4837,,11.69616399,,-4.8827,0.1831,19.2954,,11.50786399,,-0.1883,,,,
2,66,-9.9277,0.0051,15.0845,,7.29696399,,-9.2023,0.0075,14.9758,,7.18826399,,-0.1087,,,,
2,67,-11.0773,0.0029,13.9349,,6.14736399,,-10.4381,0.0039,13.74,,5.95246399,,-0.1949,,,,
2,68,-8.2306,0.0132,16.7816,,8.99406399,,-7.833,0.0151,16.3451,,8.55756399,,-0.4365,,,,
2,69,-12.8038,0.0013,12.2084,,4.42086399,,-11.9205,0.0019,12.2576,,4.47006399,,0.0492,,,,
2,70,-6.7009,0.0396,18.3113,,10.52376399,,-6.2368,0.0447,17.9413,,10.15376399,,-0.37,,,,
2,71,-5.4996,0.107,19.5126,,11.72506399,,-5.2534,0.1334,18.9247,,11.13716399,,-0.5879,,,,
2,72,-7.5797,0.0175,17.4325,,9.64496399,,-7.0177,0.0304,17.1604,,9.37286399,,-0.2721,,,,
2,73,-6.7383,0.0379,18.2739,,10.48636399,,-6.3177,0.0427,17.8604,,10.07286399,,-0.4135,,,,
2,74,-6.5405,0.0442,18.4717,,10.68416399,,-6.0772,0.0648,18.1009,,10.31336399,,-0.3708,,,,
2,75,-6.3165,0.0538,18.6957,,10.90816399,,-5.785,0.0822,18.3931,,10.60556399,,-0.3026,,,,
2,76,-8.4097,0.0118,16.6025,,8.81496399,,-8.2545,0.0129,15.9236,,8.13606399,,-0.6789,,,,
2,77,-5.6093,0.0724,19.4029,,11.61536399,,-5.5899,0.0743,18.5882,,10.80066399,,-0.8147,,,,
2,78,-5.4771,0.1088,19.5351,,11.74756399,,-5.6843,0.0933,18.4938,,10.70626399,,-1.0413,,,,
2,79,-5.3708,0.0873,19.6414,,11.85386399,,-5.4171,0.087,18.761,,10.97346399,,-0.8804,,,,
2,80,-7.0153,0.025,17.9969,,10.20936399,,-6.444,0.0483,17.7341,,9.94656399,,-0.2628,,,,
2,81,-6.7534,0.0301,18.2588,,10.47126399,,-6.0489,0.0519,18.1292,,10.34166399,,-0.1296,,,,
2,82,-8.4566,0.0114,16.5556,,8.76806399,,-7.9224,0.0143,16.2557,,8.46816399,,-0.2999,,,,
2,83,-5.4707,0.1085,19.5415,,11.75396399,,-6.891,0.0338,17.2871,,9.49956399,,-2.2544,,,,
2,84,-5.75,0.0851,19.2622,,11.47466399,,-5.5835,0.0989,18.5946,,10.80706399,,-0.6676,,,,
2,85,-6.1965,0.0596,18.8157,,11.02816399,,-5.6071,0.0998,18.571,,10.78346399,,-0.2447,,,,
2,86,-9.228,0.0074,15.7842,,7.99666399,,-8.8213,0.0093,15.3568,,7.56926399,,-0.4274,,,,
2,87,-10.3994,0.0039,14.6128,,6.82526399,,-9.7651,0.0055,14.413,,6.62546399,,-0.1998,,,,
2,88,-5.961,0.0724,19.0512,,11.26366399,,-7.2307,0.0268,16.9474,,9.15986399,,-2.1038,,,,
2,89,-5.6589,0.0687,19.3533,,11.56576399,,-5.2055,0.1025,18.9726,,11.18506399,,-0.3807,,,,
2,90,-7.3257,0.0244,17.6865,,9.89896399,,-6.7094,0.0394,17.4687,,9.68116399,,-0.2178,,,,
2,91,-5.7783,0.0836,19.2339,,11.44636399,,-5.8643,0.0599,18.3138,,10.52626399,,-0.9201,,,,
2,92,-5.6175,0.0953,19.3947,,11.60716399,,-5.0087,0.1205,19.1694,,11.38186399,,-0.2253,,,,
2,93,-5.9146,0.0569,19.0976,,11.31006399,,-7.2817,0.0255,16.8964,,9.10886399,,-2.2012,,,,
2,94,-7.4036,0.023,17.6086,,9.82106399,,-6.8837,0.028,17.2944,,9.50686399,,-0.3142,,,,
2,95,-5.0596,0.1581,19.9526,,12.16506399,,-3.6672,0.5557,20.5109,,12.72336399,,0.5583,,,,
2,96,-6.2378,0.0566,18.7744,,10.98686399,,-5.7645,0.0652,18.4136,,10.62606399,,-0.3608,,,,
2,97,-9.509,0.0063,15.5032,,7.71566399,,-9.3811,0.0068,14.797,,7.00946399,,-0.7062,,,,
2,98,-7.0601,0.0243,17.9521,,10.16456399,,-6.3306,0.0526,17.8475,,10.05996399,,-0.1046,,,,
2,99,-5.7749,0.0839,19.2373,,11.44976399,,-5.6193,0.0983,18.5588,,10.77126399,,-0.6785,,,,
2,100,-5.7058,0.0884,19.3064,,11.51886399,,-5.3332,0.0916,18.8449,,11.05736399,,-0.4615,,,,
2,101,-7.4994,0.0215,17.5128,,9.72526399,,-7.0294,0.0304,17.1487,,9.36116399,,-0.3641,,,,
2,102,-4.8928,0.1823,20.1194,,12.33186399,,-5.3241,0.1247,18.854,,11.06646399,,-1.2654,,,,
2,103,-7.3082,0.0247,17.704,,9.91646399,,-6.9687,0.0261,17.2094,,9.42186399,,-0.4946,,,,
2,104,-7.2895,0.0251,17.7227,,9.93516399,,-6.9128,0.0334,17.2653,,9.47776399,,-0.4574,,,,
2,105,-6.9403,0.0265,18.0719,,10.28436399,,-6.2768,0.0553,17.9013,,10.11376399,,-0.1706,,,,
2,106,-5.9018,0.0769,19.1104,,11.32286399,,-5.6788,0.0932,18.4993,,10.71176399,,-0.6111,,,,
2,107,-5.3537,0.1201,19.6585,,11.87096399,,-6.1655,0.0602,18.0126,,10.22506399,,-1.6459,,,,
2,108,-6.0732,0.0499,18.939,,11.15146399,,-6.3121,0.0538,17.866,,10.07846399,,-1.073,,,,
2,109,-10.1641,0.0044,14.8481,,7.06056399,,-9.6867,0.0058,14.4914,,6.70386399,,-0.3567,,,,
2,110,-5.682,0.0911,19.3302,,11.54266399,,-7.1176,0.0285,17.0605,,9.27296399,,-2.2697,,,,
2,111,-6.3874,0.063,18.6248,,10.83726399,,-5.8939,0.097,18.2842,,10.49666399,,-0.3406,,,,
2,112,-6.3594,0.0513,18.6528,,10.86526399,,-6.1037,0.0496,18.0744,,10.28686399,,-0.5784,,,,
2,113,-5.0723,0.2017,19.9399,,12.15236399,,-5.5638,0.1297,18.6143,,10.82676399,,-1.3256,,,,
2,114,-5.4496,0.1105,19.5626,,11.77506399,,-3.6964,0.5346,20.4817,,12.69416399,,0.9191,,,,
2,115,-8.1483,0.0139,16.8639,,9.07636399,,-7.9244,0.0161,16.2537,,8.46616399,,-0.6102,,,,
2,116,-6.5314,0.0562,18.4808,,10.69326399,,-6.2311,0.0732,17.947,,10.15946399,,-0.5338,,,,
2,117,-7.4646,0.0222,17.5476,,9.76006399,,-7.3208,0.0249,16.8573,,9.06976399,,-0.6903,,,,
2,118,-6.8521,0.0347,18.1601,,10.37256399,,-7.8344,0.0172,16.3437,,8.55616399,,-1.8164,,,,
2,119,-6.855,0.0347,18.1572,,10.36966399,,-6.161,0.0606,18.0171,,10.22956399,,-0.1401,,,,
2,120,-4.8674,0.1848,20.1448,,12.35726399,,-5.3348,0.1241,18.8433,,11.05576399,,-1.3015,,,,
2,121,-9.0414,0.0081,15.9708,,8.18326399,,-8.0028,0.0153,16.1753,,8.38776399,,0.2045,,,,
2,122,-5.1034,0.1511,19.9088,,12.12126399,,-4.5932,0.2415,19.5849,,11.79736399,,-0.3239,,,,
2,123,-6.8254,0.0359,18.1868,,10.39926399,,-6.7629,0.0351,17.4152,,9.62766399,,-0.7716,,,,
2,124,-7.8423,0.0149,17.1699,,9.38236399,,-8,0.0153,16.1781,,8.39056399,,-0.9918,,,,
2,125,-6.1254,0.0625,18.8868,,11.09926399,,-5.5595,0.1015,18.6186,,10.83106399,,-0.2682,,,,
2,126,-8.4619,0.0114,16.5503,,8.76276399,,-8.0088,0.0136,16.1693,,8.38176399,,-0.381,,,,
2,127,-4.8428,0.1906,20.1694,,12.38186399,,-5.1843,0.1391,18.9938,,11.20626399,,-1.1756,,,,
2,128,-7.6954,0.0188,17.3168,,9.52926399,,-7.173,0.0274,17.0051,,9.21756399,,-0.3117,,,,
2,129,-6.6388,0.0327,18.3734,,10.58586399,,-7.9634,0.0157,16.2147,,8.42716399,,-2.1587,,,,
2,130,-7.2445,0.026,17.7677,,9.98016399,,-7.7719,0.0157,16.4062,,8.61866399,,-1.3615,,,,
2,131,-11.2832,0.0026,13.729,,5.94146399,,-10.5627,0.0037,13.6154,,5.82786399,,-0.1136,,,,
2,132,-7.6375,0.0197,17.3747,,9.58716399,,-8.0815,0.0145,16.0966,,8.30906399,,-1.2781,,,,
2,133,-6.5043,0.0464,18.5079,,10.72036399,,-6.4626,0.0481,17.7155,,9.92796399,,-0.7924,,,,
2,134,-9.3255,0.0074,15.6867,,7.89916399,,-8.7182,0.0099,15.4599,,7.67236399,,-0.2268,,,,
2,135,-4.8557,0.1884,20.1565,,12.36896399,,-4.5597,0.2399,19.6184,,11.83086399,,-0.5381,,,,
2,136,-9.7715,0.0055,15.2407,,7.45316399,,-9.1562,0.0077,15.0219,,7.23436399,,-0.2188,,,,
2,137,-5.2629,0.1312,19.7493,,11.96176399,,-5.9521,0.0728,18.226,,10.43846399,,-1.5233,,,,
2,138,-7.5121,0.0213,17.5001,,9.71256399,,-6.8836,0.0342,17.2945,,9.50696399,,-0.2056,,,,
2,139,-7.0061,0.0253,18.0061,,10.21856399,,-6.4562,0.0478,17.7219,,9.93436399,,-0.2842,,,,
2,140,-6.1051,0.085,18.9071,,11.11956399,,-5.6964,0.119,18.4817,,10.69416399,,-0.4254,,,,
2,141,-4.5634,0.2417,20.4488,,12.66126399,,-5.6764,0.0915,18.5017,,10.71416399,,-1.9471,,,,
2,142,-8.0451,0.0171,16.9671,,9.17956399,,-7.7294,0.0187,16.4487,,8.66116399,,-0.5184,,,,
2,143,-6.6255,0.0417,18.3867,,10.59916399,,-6.1619,0.0609,18.0162,,10.22866399,,-0.3705,,,,
2,144,-6.5663,0.0443,18.4459,,10.65836399,,-7.3586,0.0282,16.8195,,9.03196399,,-1.6264,,,,
2,145,-6.9689,0.0326,18.0433,,10.25576399,,-6.3841,0.0641,17.794,,10.00646399,,-0.2493,,,,
2,146,-4.953,0.1733,20.0592,,12.27166399,,-5.807,0.0815,18.3711,,10.58356399,,-1.6881,,,,
2,147,-10.1755,0.0045,14.8367,,7.04916399,,-9.75,0.0056,14.4281,,6.64056399,,-0.4086,,,,
2,148,-6.5461,0.0445,18.4661,,10.67856399,,-8.0462,0.015,16.1319,,8.34436399,,-2.3342,,,,
2,149,-6.978,0.0383,18.0342,,10.24666399,,-6.3332,0.0658,17.8449,,10.05736399,,-0.1893,,,,
2,150,-4.9118,0.1803,20.1004,,12.31286399,,-5.1892,0.1409,18.9889,,11.20136399,,-1.1115,,,,
2,151,-5.4377,0.0859,19.5745,,11.78696399,,-6.2428,0.0573,17.9353,,10.14776399,,-1.6392,,,,
2,152,-7.4531,0.019,17.5591,,9.77156399,,-6.726,0.0394,17.4521,,9.66456399,,-0.107,,,,
2,153,-7.5443,0.0214,17.4679,,9.68036399,,-7.2917,0.0304,16.8864,,9.09886399,,-0.5815,,,,
2,154,-5.4085,0.1167,19.6037,,11.81616399,,-5.2245,0.1375,18.9536,,11.16606399,,-0.6501,,,,
2,155,-7.0923,0.0297,17.9199,,10.13236399,,-6.3917,0.0636,17.7864,,9.99886399,,-0.1335,,,,
2,156,-7.0598,0.0301,17.9524,,10.16486399,,-6.7397,0.0388,17.4384,,9.65086399,,-0.514,,,,
2,157,-6.9593,0.033,18.0529,,10.26536399,,-6.3304,0.0684,17.8477,,10.06016399,,-0.2052,,,,
2,158,-7.7968,0.0205,17.2154,,9.42786399,,-7.2533,0.031,16.9248,,9.13726399,,-0.2906,,,,
2,159,-6.7112,0.0391,18.301,,10.51346399,,-8.1722,0.0138,16.0059,,8.21836399,,-2.2951,,,,
2,160,-8.932,0.0087,16.0802,,8.29266399,,-7.775,0.018,16.4031,,8.61556399,,0.3229,,,,
2,161,-10.0196,0.0049,14.9926,,7.20506399,,-9.5874,0.0064,14.5907,,6.80316399,,-0.4019,,,,
2,162,-8.7985,0.0094,16.2137,,8.42616399,,-8.2718,0.013,15.9063,,8.11876399,,-0.3074,,,,
2,163,-10.2243,0.0044,14.7879,,7.00036399,,-9.9395,0.0052,14.2386,,6.45106399,,-0.5493,,,,
2,164,-5.248,0.1353,19.7642,,11.97666399,,-5.2009,0.1394,18.9772,,11.18966399,,-0.787,,,,
2,165,-7.1155,0.0289,17.8967,,10.10916399,,-7.0458,0.0306,17.1323,,9.34476399,,-0.7644,,,,
2,166,-5.9687,0.0713,19.0435,,11.25596399,,-6.4771,0.0474,17.701,,9.91346399,,-1.3425,,,,
2,167,-9.6004,0.0064,15.4118,,7.62426399,,-9.6616,0.0059,14.5165,,6.72896399,,-0.8953,,,,
2,168,-5.9326,0.0753,19.0796,,11.29206399,,-5.5846,0.1024,18.5935,,10.80596399,,-0.4861,,,,
2,169,-9.2388,0.0073,15.7734,,7.98586399,,-8.4031,0.0119,15.775,,7.98746399,,0.0016,,,,
2,170,-5.9748,0.0721,19.0374,,11.24986399,,-6.748,0.0385,17.4301,,9.64256399,,-1.6073,,,,
2,171,-5.7579,0.1105,19.2543,,11.46676399,,-5.6421,0.0994,18.536,,10.74846399,,-0.7183,,,,
2,172,-6.7182,0.0486,18.294,,10.50646399,,-6.4218,0.0534,17.7563,,9.96876399,,-0.5377,,,,
2,173,-6.6245,0.043,18.3877,,10.60016399,,-6.094,0.0779,18.0841,,10.29656399,,-0.3036,,,,
2,174,-9.1136,0.0085,15.8986,,8.11106399,,-8.5662,0.0109,15.6119,,7.82436399,,-0.2867,,,,
3,1,-9.2207,0.0074,15.1293,,7.34176399,,-8.7737,0.0194,15.4621,,7.67456399,,0.3328,,,,
3,2,-4.9867,0.1708,19.3633,,11.57576399,,-4.9227,0.1687,19.3131,,11.52556399,,-0.0502,,,,
3,3,-6.2019,0.0449,18.1481,,10.36056399,,-6.2325,0.08,18.0033,,10.21576399,,-0.1448,,,,
3,4,-8.3524,0.0111,15.9976,,8.21006399,,-7.6324,0.0352,16.6034,,8.81586399,,0.6058,,,,
3,5,-6.6269,0.033,17.7231,,9.93556399,,-6.3712,0.0661,17.8646,,10.07706399,,0.1415,,,,
3,6,-5.9751,0.0535,18.3749,,10.58736399,,-5.8696,0.1023,18.3662,,10.57866399,,-0.0087,,,,
3,7,-4.8694,0.1338,19.4806,,11.69306399,,-5.4292,0.1389,18.8066,,11.01906399,,-0.674,,,,
3,8,-10.2002,0.0043,14.1498,,6.36226399,,-9.441,0.0143,14.7948,,7.00726399,,0.645,,,,
3,9,-5.7095,0.0661,18.6405,,10.85296399,,-5.5199,0.1304,18.7159,,10.92836399,,0.0754,,,,
3,10,-5.8072,0.061,18.5428,,10.75526399,,-6.1607,0.0838,18.0751,,10.28756399,,-0.4677,,,,
3,11,-7.3213,0.0205,17.0287,,9.24116399,,-6.82,0.0515,17.4158,,9.62826399,,0.3871,,,,
3,12,-6.3841,0.0392,17.9659,,10.17836399,,-7.3141,0.0396,16.9217,,9.13416399,,-1.0442,,,,
3,13,-7.9707,0.0138,16.3793,,8.59176399,,-7.2311,0.0414,17.0047,,9.21716399,,0.6254,,,,
3,14,-4.6536,0.1604,19.6964,,11.90886399,,-5.6883,0.0993,18.5475,,10.75996399,,-1.1489,,,,
3,15,-10.6824,0.0035,13.6676,,5.88006399,,-10.2491,0.0098,13.9867,,6.19916399,,0.3191,,,,
3,16,-7.2525,0.0259,17.0975,,9.30996399,,-6.6711,0.0558,17.5647,,9.77716399,,0.4672,,,,
3,17,-6.8066,0.0289,17.5434,,9.75586399,,-6.3227,0.0752,17.9131,,10.12556399,,0.3697,,,,
3,18,-7.0065,0.0311,17.3435,,9.55596399,,-5.9957,0.0943,18.2401,,10.45256399,,0.8966,,,,
3,19,-6.1583,0.0464,18.1917,,10.40416399,,-5.577,0.1252,18.6588,,10.87126399,,0.4671,,,,
3,20,-7.4311,0.0191,16.9189,,9.13136399,,-6.5702,0.0646,17.6656,,9.87806399,,0.7467,,,,
3,21,-12.3872,0.0016,11.9628,,4.17526399,,-11.8653,0.0046,12.3705,,4.58296399,,0.4077,,,,
3,22,-5.1272,0.108,19.2228,,11.43526399,,-5.2058,0.1356,19.03,,11.24246399,,-0.1928,,,,
3,23,-8.7085,0.0091,15.6415,,7.85396399,,-8.1836,0.0265,16.0522,,8.26466399,,0.4107,,,,
3,24,-6.1205,0.0478,18.2295,,10.44196399,,-5.8528,0.0893,18.383,,10.59546399,,0.1535,,,,
3,25,-6.3371,0.0408,18.0129,,10.22536399,,-5.9857,0.0825,18.2501,,10.46256399,,0.2372,,,,
3,26,-5.8923,0.0569,18.4577,,10.67016399,,-6.5536,0.0654,17.6822,,9.89466399,,-0.7755,,,,
3,27,-8.244,0.0118,16.106,,8.31846399,,-7.7778,0.0314,16.458,,8.67046399,,0.352,,,,
3,28,-5.8284,0.0816,18.5216,,10.73406399,,-5.3526,0.1497,18.8832,,11.09566399,,0.3616,,,,
3,29,-6.3649,0.0398,17.9851,,10.19756399,,-5.8105,0.106,18.4253,,10.63776399,,0.4402,,,,
3,30,-8.9955,0.0078,15.3545,,7.56696399,,-8.4161,0.023,15.8197,,8.03216399,,0.4652,,,,
3,31,-5.1623,0.1455,19.1877,,11.40016399,,-6.7809,0.0578,17.4549,,9.66736399,,-1.7328,,,,
3,32,-8.0339,0.0133,16.3161,,8.52856399,,-7.6767,0.0345,16.5591,,8.77156399,,0.243,,,,
3,33,-6.2163,0.0443,18.1337,,10.34616399,,-6.7308,0.0584,17.505,,9.71746399,,-0.6287,,,,
3,34,-11.414,0.0024,12.936,,5.14846399,,-11.5624,0.0053,12.6734,,4.88586399,,-0.2626,,,,
3,35,-5.9555,0.0942,18.3945,,10.60696399,,-4.9151,0.217,19.3207,,11.53316399,,0.9262,,,,
3,36,-12.2506,0.0017,12.0994,,4.31186399,,-11.4725,0.0055,12.7633,,4.97576399,,0.6639,,,,
3,37,-5.6605,0.0686,18.6895,,10.90196399,,-5.5621,0.1263,18.6737,,10.88616399,,-0.0158,,,,
3,38,-6.2316,0.0438,18.1184,,10.33086399,,-5.7916,0.1072,18.4442,,10.65666399,,0.3258,,,,
3,39,-5.7872,0.0846,18.5628,,10.77526399,,-5.3422,0.1806,18.8936,,11.10606399,,0.3308,,,,
3,40,-6.7755,0.0295,17.5745,,9.78696399,,-6.5321,0.066,17.7037,,9.91616399,,0.1292,,,,
3,41,-6.368,0.04,17.982,,10.19446399,,-6.1685,0.0835,18.0673,,10.27976399,,0.0853,,,,
3,42,-6.6201,0.0412,17.7299,,9.94236399,,-6.9622,0.0513,17.2736,,9.48606399,,-0.4563,,,,
3,43,-6.6726,0.0319,17.6774,,9.88986399,,-6.8402,0.0509,17.3956,,9.60806399,,-0.2818,,,,
3,44,-5.6948,0.0661,18.6552,,10.86766399,,-5.6496,0.1179,18.5862,,10.79866399,,-0.069,,,,
3,45,-6.5456,0.035,17.8044,,10.01686399,,-6.3101,0.0683,17.9257,,10.13816399,,0.1213,,,,
3,46,-5.9083,0.0572,18.4417,,10.65416399,,-4.9574,0.1992,19.2784,,11.49086399,,0.8367,,,,
3,47,-8.418,0.0109,15.932,,8.14446399,,-8.2984,0.025,15.9374,,8.14986399,,0.0054,,,,
3,48,-10.9252,0.0031,13.4248,,5.63726399,,-10.2787,0.0096,13.9571,,6.16956399,,0.5323,,,,
3,49,-5.2302,0.14,19.1198,,11.33226399,,-5.004,0.2326,19.2318,,11.44426399,,0.112,,,,
3,50,-5.5817,0.0731,18.7683,,10.98076399,,-6.3131,0.0759,17.9227,,10.13516399,,-0.8456,,,,
3,51,-10.3347,0.0041,14.0153,,6.22776399,,-9.6436,0.013,14.5922,,6.80466399,,0.5769,,,,
3,52,-11.2883,0.0026,13.0617,,5.27416399,,-10.6752,0.008,13.5606,,5.77306399,,0.4989,,,,
3,53,-7.6815,0.0163,16.6685,,8.88096399,,-7.1128,0.0458,17.123,,9.33546399,,0.4545,,,,
3,54,-5.372,0.1221,18.978,,11.19046399,,-4.7222,0.2439,19.5136,,11.72606399,,0.5356,,,,
3,55,-5.3943,0.0852,18.9557,,11.16816399,,-4.4489,0.2979,19.7869,,11.99936399,,0.8312,,,,
3,56,-5.7281,0.0871,18.6219,,10.83436399,,-4.6922,0.2473,19.5436,,11.75606399,,0.9217,,,,
3,57,-7.3039,0.0207,17.0461,,9.25856399,,-6.9723,0.0509,17.2635,,9.47596399,,0.2174,,,,
3,58,-6.3202,0.0536,18.0298,,10.24226399,,-5.8269,0.1057,18.4089,,10.62136399,,0.3791,,,,
3,59,-5.1476,0.1045,19.2024,,11.41486399,,-5.8331,0.1047,18.4027,,10.61516399,,-0.7997,,,,
3,60,-8.3502,0.0122,15.9998,,8.21226399,,-8.588,0.0216,15.6478,,7.86026399,,-0.352,,,,
3,61,-8.9997,0.0079,15.3503,,7.56276399,,-8.4171,0.0235,15.8187,,8.03116399,,0.4684,,,,
3,62,-7.5499,0.0209,16.8001,,9.01256399,,-7.2009,0.0446,17.0349,,9.24736399,,0.2348,,,,
3,63,-5.4825,0.109,18.8675,,11.07996399,,-3.8199,0.5079,20.4159,,12.62836399,,1.5484,,,,
3,64,-9.1175,0.0074,15.2325,,7.44496399,,-8.4142,0.0235,15.8216,,8.03406399,,0.5891,,,,
3,65,-5.6664,0.1189,18.6836,,10.89606399,,-5.2142,0.1965,19.0216,,11.23406399,,0.338,,,,
3,66,-9.4684,0.0065,14.8816,,7.09406399,,-8.8937,0.019,15.3421,,7.55456399,,0.4605,,,,
3,67,-6.7081,0.0309,17.6419,,9.85436399,,-6.626,0.0572,17.6098,,9.82226399,,-0.0321,,,,
3,68,-7.5568,0.0176,16.7932,,9.00566399,,-6.9726,0.0507,17.2632,,9.47566399,,0.47,,,,
3,69,-5.1796,0.1018,19.1704,,11.38286399,,-4.2662,0.3475,19.9696,,12.18206399,,0.7992,,,,
3,70,-5.9969,0.0526,18.3531,,10.56556399,,-5.4738,0.1339,18.762,,10.97446399,,0.4089,,,,
3,71,-7.409,0.0231,16.941,,9.15346399,,-7.1622,0.0456,17.0736,,9.28606399,,0.1326,,,,
3,72,-5.851,0.0788,18.499,,10.71146399,,-5.4649,0.1361,18.7709,,10.98336399,,0.2719,,,,
3,73,-7.6678,0.0165,16.6822,,8.89466399,,-7.5636,0.0366,16.6722,,8.88466399,,-0.01,,,,
3,74,-6.4165,0.0493,17.9335,,10.14596399,,-5.8533,0.1024,18.3825,,10.59496399,,0.449,,,,
3,75,-7.7833,0.0153,16.5667,,8.77916399,,-7.1526,0.0432,17.0832,,9.29566399,,0.5165,,,,
3,76,-5.3215,0.0906,19.0285,,11.24096399,,-4.2399,0.3534,19.9959,,12.20836399,,0.9674,,,,
3,77,-5.5303,0.1046,18.8197,,11.03216399,,-5.3316,0.1508,18.9042,,11.11666399,,0.0845,,,,
3,78,-8.4424,0.0116,15.9076,,8.12006399,,-9.3166,0.015,14.9192,,7.13166399,,-0.9884,,,,
3,79,-6.2369,0.0728,18.1131,,10.32556399,,-6.8278,0.0608,17.408,,9.62046399,,-0.7051,,,,
3,80,-9.6412,0.006,14.7088,,6.92126399,,-9.3396,0.0153,14.8962,,7.10866399,,0.1874,,,,
3,81,-7.3312,0.0244,17.0188,,9.23126399,,-6.7481,0.058,17.4877,,9.70016399,,0.4689,,,,
3,82,-6.8413,0.0283,17.5087,,9.72116399,,-7.061,0.0482,17.1748,,9.38726399,,-0.3339,,,,
3,83,-5.8315,0.0598,18.5185,,10.73096399,,-5.5139,0.1306,18.7219,,10.93436399,,0.2034,,,,
3,84,-7.0666,0.0293,17.2834,,9.49586399,,-6.7045,0.0594,17.5313,,9.74376399,,0.2479,,,,
3,85,-8.3705,0.011,15.9795,,8.19196399,,-7.6865,0.0342,16.5493,,8.76176399,,0.5698,,,,
3,86,-5.7521,0.0871,18.5979,,10.81036399,,-5.5551,0.1286,18.6807,,10.89316399,,0.0828,,,,
3,87,-6.2227,0.0442,18.1273,,10.33976399,,-7.7256,0.0335,16.5102,,8.72266399,,-1.6171,,,,
3,88,-8.4294,0.0117,15.9206,,8.13306399,,-7.8145,0.0336,16.4213,,8.63376399,,0.5007,,,,
3,89,-4.4414,0.4449,19.9086,,12.12106399,,NaN,NaN,#VALUE!,,#VALUE!,,#VALUE!,,,,
3,90,-5.2561,0.0973,19.0939,,11.30636399,,-5.3227,0.1518,18.9131,,11.12556399,,-0.1808,,,,
3,91,-11.4901,0.0024,12.8599,,5.07236399,,-11.3287,0.0059,12.9071,,5.11956399,,0.0472,,,,
3,92,-7.0916,0.0292,17.2584,,9.47086399,,-6.4463,0.0779,17.7895,,10.00196399,,0.5311,,,,
3,93,-7.1245,0.029,17.2255,,9.43796399,,-6.3598,0.0743,17.876,,10.08846399,,0.6505,,,,
3,94,-8.7634,0.0089,15.5866,,7.79906399,,-8.0856,0.0278,16.1502,,8.36266399,,0.5636,,,,
3,95,-5.2278,0.0972,19.1222,,11.33466399,,-5.1321,0.1742,19.1037,,11.31616399,,-0.0185,,,,
3,96,-10.5464,0.0038,13.8036,,6.01606399,,-9.8414,0.0118,14.3944,,6.60686399,,0.5908,,,,
3,97,-5.9237,0.0941,18.4263,,10.63876399,,-5.0591,0.2246,19.1767,,11.38916399,,0.7504,,,,
3,98,-7.0705,0.024,17.2795,,9.49196399,,-6.5041,0.0665,17.7317,,9.94416399,,0.4522,,,,
3,99,-7.8969,0.0164,16.4531,,8.66556399,,-7.3877,0.0427,16.8481,,9.06056399,,0.395,,,,
3,100,-5.2951,0.0928,19.0549,,11.26736399,,-5.3729,0.1437,18.8629,,11.07536399,,-0.192,,,,
3,101,-10.4368,0.0039,13.9132,,6.12566399,,-9.9458,0.0113,14.29,,6.50246399,,0.3768,,,,
3,102,-8.1361,0.0125,16.2139,,8.42636399,,-8.3359,0.0245,15.8999,,8.11236399,,-0.314,,,,
3,103,-11.5846,0.0023,12.7654,,4.97786399,,-10.9992,0.0069,13.2366,,5.44906399,,0.4712,,,,
3,104,-6.7795,0.0294,17.5705,,9.78296399,,-6.932,0.052,17.3038,,9.51626399,,-0.2667,,,,
3,105,-5.8861,0.0585,18.4639,,10.67636399,,-5.7218,0.1137,18.514,,10.72646399,,0.0501,,,,
3,106,-7.2759,0.0252,17.0741,,9.28656399,,-6.5081,0.0672,17.7277,,9.94016399,,0.6536,,,,
3,107,-6.9554,0.026,17.3946,,9.60706399,,-6.343,0.0745,17.8928,,10.10526399,,0.4982,,,,
3,108,-5.2474,0.0964,19.1026,,11.31506399,,-5.9464,0.0967,18.2894,,10.50186399,,-0.8132,,,,
3,109,-9.1302,0.0073,15.2198,,7.43226399,,-8.659,0.0209,15.5768,,7.78926399,,0.357,,,,
3,110,-5.7729,0.0624,18.5771,,10.78956399,,-7.3522,0.041,16.8836,,9.09606399,,-1.6935,,,,
3,111,-5.4797,0.0793,18.8703,,11.08276399,,-5.1857,0.1668,19.0501,,11.26256399,,0.1798,,,,
3,112,-6.0741,0.0655,18.2759,,10.48836399,,-6.3297,0.0753,17.9061,,10.11856399,,-0.3698,,,,
3,113,-5.8894,0.103,18.4606,,10.67306399,,-5.8207,0.1252,18.4151,,10.62756399,,-0.0455,,,,
3,114,-6.0015,0.0535,18.3485,,10.56096399,,-5.5835,0.1254,18.6523,,10.86476399,,0.3038,,,,
3,115,-6.8594,0.0278,17.4906,,9.70306399,,-7.1599,0.0455,17.0759,,9.28836399,,-0.4147,,,,
3,116,-7.0108,0.0306,17.3392,,9.55166399,,-7.054,0.0485,17.1818,,9.39426399,,-0.1574,,,,
3,117,-6.131,0.0483,18.219,,10.43146399,,-5.7295,0.1132,18.5063,,10.71876399,,0.2873,,,,
3,118,-5.0904,0.1537,19.2596,,11.47206399,,-4.7201,0.2434,19.5157,,11.72816399,,0.2561,,,,
3,119,-7.3156,0.0247,17.0344,,9.24686399,,-6.4712,0.0685,17.7646,,9.97706399,,0.7302,,,,
3,120,-10.2402,0.0043,14.1098,,6.32226399,,-9.6403,0.013,14.5955,,6.80796399,,0.4857,,,,
3,121,-5.5595,0.0747,18.7905,,11.00296399,,-4.1236,0.3885,20.1122,,12.32466399,,1.3217,,,,
3,122,-6.3505,0.0411,17.9995,,10.21196399,,-4.9711,0.1988,19.2647,,11.47716399,,1.2652,,,,
3,123,-5.9142,0.0748,18.4358,,10.64826399,,-6.1437,0.085,18.0921,,10.30456399,,-0.3437,,,,
3,124,-8.3486,0.0122,16.0014,,8.21386399,,-7.6413,0.0351,16.5945,,8.80696399,,0.5931,,,,
3,125,-5.8161,0.0806,18.5339,,10.74636399,,-6.1887,0.0823,18.0471,,10.25956399,,-0.4868,,,,
3,126,-6.817,0.0288,17.533,,9.74546399,,-6.272,0.0778,17.9638,,10.17626399,,0.4308,,,,
3,127,-6.7537,0.0373,17.5963,,9.80876399,,-6.9477,0.048,17.2881,,9.50056399,,-0.3082,,,,
3,128,-6.0686,0.0501,18.2814,,10.49386399,,-6.3426,0.0741,17.8932,,10.10566399,,-0.3882,,,,
3,129,-5.6745,0.0684,18.6755,,10.88796399,,-5.5117,0.1311,18.7241,,10.93656399,,0.0486,,,,
3,130,-6.7077,0.0312,17.6423,,9.85476399,,-6.1816,0.0828,18.0542,,10.26666399,,0.4119,,,,
3,131,-8.9911,0.0079,15.3589,,7.57136399,,-8.4549,0.0231,15.7809,,7.99336399,,0.422,,,,
3,132,-8.6993,0.011,15.6507,,7.86316399,,-8.7033,0.0205,15.5325,,7.74496399,,-0.1182,,,,
3,133,-6.8206,0.0288,17.5294,,9.74186399,,-7.186,0.0449,17.0498,,9.26226399,,-0.4796,,,,
3,134,-6.3126,0.0414,18.0374,,10.24986399,,-6.033,0.0911,18.2028,,10.41526399,,0.1654,,,,
3,135,-8.1433,0.014,16.2067,,8.41916399,,-8.0352,0.0296,16.2006,,8.41306399,,-0.0061,,,,
3,136,-5.7019,0.0894,18.6481,,10.86056399,,-7.0666,0.0495,17.1692,,9.38166399,,-1.4789,,,,
3,137,-9.1222,0.0078,15.2278,,7.44026399,,-8.6686,0.0208,15.5672,,7.77966399,,0.3394,,,,
3,138,-7.4255,0.0192,16.9245,,9.13696399,,-6.981,0.0506,17.2548,,9.46726399,,0.3303,,,,
3,139,-8.0023,0.0135,16.3477,,8.56016399,,-7.3049,0.0422,16.9309,,9.14336399,,0.5832,,,,
3,140,-9.9591,0.005,14.3909,,6.60336399,,-9.6336,0.013,14.6022,,6.81466399,,0.2113,,,,
3,141,-7.3485,0.0289,17.0015,,9.21396399,,-7.0412,0.0533,17.1946,,9.40706399,,0.1931,,,,
3,142,-7.6487,0.0196,16.7013,,8.91376399,,-7.3494,0.0431,16.8864,,9.09886399,,0.1851,,,,
3,143,-9.926,0.0051,14.424,,6.63646399,,-9.5759,0.0133,14.6599,,6.87236399,,0.2359,,,,
3,144,-8.0952,0.0165,16.2548,,8.46726399,,-7.806,0.0337,16.4298,,8.64226399,,0.175,,,,
3,145,-7.1109,0.0292,17.2391,,9.45156399,,-6.2803,0.0785,17.9555,,10.16796399,,0.7164,,,,
3,146,-6.7334,0.0305,17.6166,,9.82906399,,-6.1136,0.0868,18.1222,,10.33466399,,0.5056,,,,
3,147,-9.0156,0.0083,15.3344,,7.54686399,,-8.7976,0.0195,15.4382,,7.65066399,,0.1038,,,,
3,148,-6.3671,0.0404,17.9829,,10.19536399,,-5.3488,0.1485,18.887,,11.09946399,,0.9041,,,,
3,149,-7.4687,0.0188,16.8813,,9.09376399,,-6.7928,0.0567,17.443,,9.65546399,,0.5617,,,,
3,150,-5.8924,0.0765,18.4576,,10.67006399,,-4.7536,0.2371,19.4822,,11.69466399,,1.0246,,,,
3,151,-6.368,0.0513,17.982,,10.19446399,,-7.9189,0.0304,16.3169,,8.52936399,,-1.6651,,,,
3,152,-6.6668,0.0406,17.6832,,9.89566399,,-5.9816,0.0953,18.2542,,10.46666399,,0.571,,,,
3,153,-7.2621,0.031,17.0879,,9.30036399,,-6.679,0.0679,17.5568,,9.76926399,,0.4689,,,,
3,154,-8.3161,0.0113,16.0339,,8.24636399,,-7.6385,0.0352,16.5973,,8.80976399,,0.5634,,,,
3,155,-6.0112,0.0694,18.3388,,10.55126399,,-6.4651,0.0695,17.7707,,9.98316399,,-0.5681,,,,
3,156,-5.6722,0.0929,18.6778,,10.89026399,,-5.2415,0.1617,18.9943,,11.20676399,,0.3165,,,,
3,157,-7.6664,0.0196,16.6836,,8.89606399,,-7.1707,0.0456,17.0651,,9.27756399,,0.3815,,,,
3,158,-11.702,0.0021,12.648,,4.86046399,,-11.1057,0.0066,13.1301,,5.34256399,,0.4821,,,,
3,159,-8.9367,0.0102,15.4133,,7.62576399,,-8.7703,0.0203,15.4655,,7.67796399,,0.0522,,,,
3,160,-5.9365,0.0741,18.4135,,10.62596399,,-4.9405,0.2044,19.2953,,11.50776399,,0.8818,,,,
3,161,-8.4381,0.0117,15.9119,,8.12436399,,-7.9282,0.0303,16.3076,,8.52006399,,0.3957,,,,
3,162,-5.946,0.0735,18.404,,10.61646399,,-5.2989,0.1557,18.9369,,11.14936399,,0.5329,,,,
3,163,-6.1396,0.0622,18.2104,,10.42286399,,-5.6798,0.1179,18.556,,10.76846399,,0.3456,,,,
3,164,-7.7864,0.0209,16.5636,,8.77606399,,-7.4495,0.0445,16.7863,,8.99876399,,0.2227,,,,
3,165,-7.7522,0.0183,16.5978,,8.81026399,,-7.5546,0.039,16.6812,,8.89366399,,0.0834,,,,
3,166,-7.9551,0.0186,16.3949,,8.60736399,,-7.2914,0.0493,16.9444,,9.15686399,,0.5495,,,,
3,167,-5.854,0.0805,18.496,,10.70846399,,-7.3416,0.0443,16.8942,,9.10666399,,-1.6018,,,,
3,168,-6.8231,0.0463,17.5269,,9.73936399,,-6.0644,0.1061,18.1714,,10.38386399,,0.6445,,,,
3,169,-9.6832,0.0059,14.6668,,6.87926399,,-8.2851,0.0254,15.9507,,8.16316399,,1.2839,,,,