Tile,Source Number,APT_g,APT_error_g,m_g,m_g_error,M_g,M_g_error,APT_i,APT_error_i,m_i,m_i_error,M_i,M_i_error,,,,,
2,1,-5.9708,0.0555,19.00623,,11.21869399,,-7.1792,0.0234,17.2767,,9.48916399,,,Constant 0 points,Tile 1,Tile 2,Tile 3
2,2,-5.7293,0.0874,19.24773,,11.46019399,,-5.9398,0.0582,18.5161,,10.72856399,,,i,24.85597787,24.45594946,24.98845128
2,3,-8.7908,0.0102,16.18623,,8.39869399,,-8.6926,0.011,15.7633,,7.97576399,,,g,25.97735725,24.97703656,25.84390566
2,4,-8.3351,0.0112,16.64193,,8.85439399,,-8.5409,0.0109,15.915,,8.12746399,,,,,,
2,5,-8.8269,0.0086,16.15013,,8.36259399,,-8.3819,0.011,16.074,,8.28646399,,,,,,
2,6,-13.3706,0.001,11.60643,,3.81889399,,-13.4531,0.001,11.0028,,3.21526399,,,,,,
2,7,-5.2085,0.179,19.76853,,11.98099399,,-6.0401,0.087,18.4158,,10.62826399,,,,,,
2,8,-6.1057,0.0804,18.87133,,11.08379399,,-6.1239,0.0798,18.332,,10.54446399,,,,,,
2,9,-7.7635,0.0155,17.21353,,9.42599399,,-7.9226,0.0145,16.5333,,8.74576399,,,,,,
2,10,-7.1157,0.0234,17.86133,,10.07379399,,-6.8836,0.031,17.5723,,9.78476399,,,,,,
2,11,-5.7185,0.0666,19.25853,,11.47099399,,-6.3714,0.0521,18.0845,,10.29696399,,,,,,
2,12,-7.5362,0.021,17.44083,,9.65329399,,-7.1597,0.0275,17.2962,,9.50866399,,,,,,
2,13,-5.9866,0.0693,18.99043,,11.20289399,,-6.0132,0.0697,18.4427,,10.65516399,,,,,,
2,14,-8.847,0.0085,16.13003,,8.34249399,,-9.4693,0.0062,14.9866,,7.19906399,,,,,,
2,15,-8.295,0.0114,16.68203,,8.89449399,,-7.9129,0.0145,16.543,,8.75546399,,,,,,
2,16,-10.3902,0.004,14.58683,,6.79929399,,-9.9911,0.0049,14.4648,,6.67726399,,,,,,
2,17,-9.1546,0.0072,15.82243,,8.03489399,,-8.6919,0.0093,15.764,,7.97646399,,,,,,
2,18,-6.321,0.0416,18.65603,,10.86849399,,-6.8624,0.0287,17.5935,,9.80596399,,,,,,
2,19,-11.1023,0.0028,13.87473,,6.08719399,,-10.6296,0.0036,13.8263,,6.03876399,,,,,,
2,20,-8.471,0.0104,16.50603,,8.71849399,,-8.2509,0.0118,16.205,,8.41746399,,,,,,
2,21,-5.454,0.1107,19.52303,,11.73549399,,-7.4428,0.0227,17.0131,,9.22556399,,,,,,
2,22,-5.9818,0.0534,18.99523,,11.20769399,,-5.6251,0.074,18.8308,,11.04326399,,,,,,
2,23,-5.3273,0.0905,19.64973,,11.86219399,,-5.0914,0.1135,19.3645,,11.57696399,,,,,,
2,24,-7.1636,0.0282,17.81343,,10.02589399,,-6.9574,0.0396,17.4985,,9.71096399,,,,,,
2,25,-6.1582,0.0617,18.81883,,11.03129399,,-5.9406,0.0932,18.5153,,10.72776399,,,,,,
2,26,-13.6656,0.0013,11.31143,,3.52389399,,-13.5853,0.001,10.8706,,3.08306399,,,,,,
2,27,-7.5571,0.0177,17.41993,,9.63239399,,-7.2225,0.0264,17.2334,,9.44586399,,,,,,
2,28,-8.9099,0.0082,16.06713,,8.27959399,,-8.5502,0.0102,15.9057,,8.11816399,,,,,,
2,29,-5.3238,0.0914,19.65323,,11.86569399,,-5.2517,0.0988,19.2042,,11.41666399,,,,,,
2,30,-11.6217,0.0022,13.35533,,5.56779399,,-11.1111,0.0028,13.3448,,5.55726399,,,,,,
2,31,-5.4834,0.0801,19.49363,,11.70609399,,-5.9032,0.0577,18.5527,,10.76516399,,,,,,
2,32,-7.4282,0.0192,17.54883,,9.76129399,,-7.287,0.0253,17.1689,,9.38136399,,,,,,
2,33,-9.3016,0.0067,15.67543,,7.88789399,,-8.8434,0.0085,15.6125,,7.82496399,,,,,,
2,34,-7.393,0.0197,17.58403,,9.79649399,,-7.059,0.0249,17.3969,,9.60936399,,,,,,
2,35,-8.4295,0.0133,16.54753,,8.75999399,,-8.1758,0.0157,16.2801,,8.49256399,,,,,,
2,36,-6.9169,0.0335,18.06013,,10.27259399,,-6.778,0.037,17.6779,,9.89036399,,,,,,
2,37,-5.8487,0.0596,19.12833,,11.34079399,,-5.9205,0.0579,18.5354,,10.74786399,,,,,,
2,38,-8.6595,0.0094,16.31753,,8.52999399,,-8.3389,0.0113,16.117,,8.32946399,,,,,,
2,39,-5.9001,0.0761,19.07693,,11.28939399,,-5.4201,0.1151,19.0358,,11.24826399,,,,,,
2,40,-6.7071,0.031,18.26993,,10.48239399,,-6.6809,0.0321,17.775,,9.98746399,,,,,,
2,41,-10.0918,0.0047,14.88523,,7.09769399,,-9.3015,0.0068,15.1544,,7.36686399,,,,,,
2,42,-6.5362,0.0355,18.44083,,10.65329399,,-6.6573,0.0412,17.7986,,10.01106399,,,,,,
2,43,-6.9922,0.0254,17.98483,,10.19729399,,-6.6469,0.0336,17.809,,10.02146399,,,,,,
2,44,-7.4691,0.0186,17.50793,,9.72039399,,-7.4292,0.0226,17.0267,,9.23916399,,,,,,
2,45,-6.4701,0.0471,18.50693,,10.71939399,,-6.2676,0.0696,18.1883,,10.40076399,,,,,,
2,46,-6.5307,0.0351,18.44633,,10.65879399,,-6.6847,0.0398,17.7712,,9.98366399,,,,,,
2,47,-6.8179,0.036,18.15913,,10.37159399,,-6.8577,0.0352,17.5982,,9.81066399,,,,,,
2,48,-7.3179,0.0206,17.65913,,9.87159399,,-7.0434,0.0305,17.4125,,9.62496399,,,,,,
2,49,-8.4037,0.0119,16.57333,,8.78579399,,-8.2669,0.013,16.189,,8.40146399,,,,,,
2,50,-5.9896,0.0715,18.98743,,11.19989399,,-5.8898,0.0975,18.5661,,10.77856399,,,,,,
2,51,-4.3215,0.304,20.65553,,12.86799399,,-5.7996,0.0837,18.6563,,10.86876399,,,,,,
2,52,-7.1201,0.0235,17.85693,,10.06939399,,-6.6702,0.0402,17.7857,,9.99816399,,,,,,
2,53,-12.0993,0.0018,12.87773,,5.09019399,,-12.4133,0.0015,12.0426,,4.25506399,,,,,,
2,54,-5.3258,0.125,19.65123,,11.86369399,,-5.2669,0.1344,19.189,,11.40146399,,,,,,
2,55,-5.7931,0.0614,19.18393,,11.39639399,,-6.3069,0.0543,18.149,,10.36146399,,,,,,
2,56,-12.8685,0.0012,12.10853,,4.32099399,,-13.0341,0.0012,11.4218,,3.63426399,,,,,,
2,57,-6.0104,0.0521,18.96663,,11.17909399,,-6.3567,0.0467,18.0992,,10.31166399,,,,,,
2,58,-6.0101,0.0686,18.96693,,11.17939399,,-5.981,0.0708,18.4749,,10.68736399,,,,,,
2,59,-8.0123,0.0134,16.96473,,9.17719399,,-7.8193,0.0173,16.6366,,8.84906399,,,,,,
2,60,-5.494,0.0799,19.48303,,11.69549399,,-5.6837,0.0913,18.7722,,10.98466399,,,,,,
2,61,-8.8952,0.0083,16.08183,,8.29429399,,-8.3873,0.012,16.0686,,8.28106399,,,,,,
2,62,-12.6464,0.0014,12.33063,,4.54309399,,-11.9234,0.0019,12.5325,,4.74496399,,,,,,
2,63,-7.4399,0.0226,17.53713,,9.74959399,,-7.4211,0.0229,17.0348,,9.24726399,,,,,,
2,64,-5.737,0.0868,19.24003,,11.45249399,,-5.6674,0.0924,18.7885,,11.00096399,,,,,,
2,65,-6.0421,0.051,18.93493,,11.14739399,,-5.7694,0.0642,18.6865,,10.89896399,,,,,,
2,66,-5.5808,0.0735,19.39623,,11.60869399,,-5.7682,0.0661,18.6877,,10.90016399,,,,,,
2,67,-6.0949,0.0641,18.88213,,11.09459399,,-6.3539,0.052,18.102,,10.31446399,,,,,,
2,68,-10.214,0.0044,14.76303,,6.97549399,,-9.9956,0.0049,14.4603,,6.67276399,,,,,,
2,69,-7.997,0.0136,16.98003,,9.19249399,,-7.8605,0.0168,16.5954,,8.80786399,,,,,,
2,70,-5.7658,0.0847,19.21123,,11.42369399,,-5.4959,0.1082,18.96,,11.17246399,,,,,,
2,71,-10.7872,0.0033,14.18983,,6.40229399,,-10.4346,0.0039,14.0213,,6.23376399,,,,,,
2,72,-6.5421,0.0445,18.43493,,10.64739399,,-6.7397,0.0382,17.7162,,9.92866399,,,,,,
2,73,-5.3299,0.09,19.64713,,11.85959399,,-5.3346,0.0934,19.1213,,11.33376399,,,,,,
2,74,-5.1563,0.1048,19.82073,,12.03319399,,-5.1078,0.114,19.3481,,11.56056399,,,,,,
2,75,-6.5225,0.0455,18.45453,,10.66699399,,-8.1114,0.0143,16.3445,,8.55696399,,,,,,
2,76,-9.3173,0.007,15.65973,,7.87219399,,-9.0636,0.0081,15.3923,,7.60476399,,,,,,
2,77,-8.565,0.0099,16.41203,,8.62449399,,-9.0489,0.0081,15.407,,7.61946399,,,,,,
2,78,-7.831,0.0173,17.14603,,9.35849399,,-8.012,0.0154,16.4439,,8.65636399,,,,,,
2,79,-5.457,0.1132,19.52003,,11.73249399,,-6.8626,0.0424,17.5933,,9.80576399,,,,,,
2,80,-5.9288,0.0737,19.04823,,11.26069399,,-5.007,0.1649,19.4489,,11.66136399,,,,,,
2,81,-7.3409,0.0242,17.63613,,9.84859399,,-7.0943,0.0291,17.3616,,9.57406399,,,,,,
2,82,-6.9703,0.026,18.00673,,10.21919399,,-7.2509,0.026,17.205,,9.41746399,,,,,,
2,83,-9.9427,0.005,15.03433,,7.24679399,,-9.8001,0.0054,14.6558,,6.86826399,,,,,,
2,84,-6.6826,0.0394,18.29443,,10.50689399,,-6.262,0.0442,18.1939,,10.40636399,,,,,,
2,85,-8.6237,0.0104,16.35333,,8.56579399,,-8.6373,0.0103,15.8186,,8.03106399,,,,,,
2,86,-5.818,0.0613,19.15903,,11.37149399,,-6.1872,0.0595,18.2687,,10.48116399,,,,,,
2,87,-7.8479,0.0169,17.12913,,9.34159399,,-7.7069,0.0189,16.749,,8.96146399,,,,,,
2,88,-6.4407,0.0486,18.53633,,10.74879399,,-6.2471,0.0572,18.2088,,10.42126399,,,,,,
2,89,-6.7733,0.0376,18.20373,,10.41619399,,-7.699,0.019,16.7569,,8.96936399,,,,,,
2,90,-5.4728,0.1101,19.50423,,11.71669399,,-5.1101,0.1889,19.3458,,11.55826399,,,,,,
2,91,-7.601,0.0202,17.37603,,9.58849399,,-7.7585,0.0184,16.6974,,8.90986399,,,,,,
2,92,-6.3571,0.0618,18.61993,,10.83239399,,-7.4249,0.0273,17.031,,9.24346399,,,,,,
2,93,-6.5462,0.0442,18.43083,,10.64329399,,-7.4063,0.0232,17.0496,,9.26206399,,,,,,
2,94,-5.2465,0.1309,19.73053,,11.94299399,,-5.1421,0.1464,19.3138,,11.52626399,,,,,,
2,95,-10.1006,0.0047,14.87643,,7.08889399,,-10.2793,0.0043,14.1766,,6.38906399,,,,,,
2,96,-7.6386,0.0198,17.33843,,9.55089399,,-7.7939,0.0179,16.662,,8.87446399,,,,,,
2,97,-13.483,0.001,11.49403,,3.70649399,,-13.0619,0.0011,11.394,,3.60646399,,,,,,
2,98,-6.4956,0.0457,18.48143,,10.69389399,,-6.6383,0.042,17.8176,,10.03006399,,,,,,
2,99,-6.3081,0.0542,18.66893,,10.88139399,,-6.408,0.0504,18.0479,,10.26036399,,,,,,
2,100,-5.8945,0.097,19.08253,,11.29499399,,-6.2462,0.064,18.2097,,10.42216399,,,,,,
2,101,-9.8347,0.0055,15.14233,,7.35479399,,-9.8749,0.0054,14.581,,6.79346399,,,,,,
2,102,-6.1765,0.0769,18.80053,,11.01299399,,-6.2712,0.0713,18.1847,,10.39716399,,,,,,
2,103,-7.8348,0.0172,17.14223,,9.35469399,,-8.1706,0.0138,16.2853,,8.49776399,,,,,,
2,104,-7.0806,0.0296,17.89643,,10.10889399,,-6.773,0.038,17.6829,,9.89536399,,,,,,
2,105,-10.4682,0.004,14.50883,,6.72129399,,-10.0703,0.0049,14.3856,,6.59806399,,,,,,
2,106,-7.5876,0.0241,17.38943,,9.60189399,,-7.3204,0.0297,17.1355,,9.34796399,,,,,,
2,107,-6.0826,0.0659,18.89443,,11.10689399,,-6.0865,0.0682,18.3694,,10.58186399,,,,,,
2,108,-4.6486,0.2328,20.32843,,12.54089399,,-4.4132,0.3292,20.0427,,12.25516399,,,,,,
2,109,-4.7336,0.2174,20.24343,,12.45589399,,-5.32,0.1322,19.1359,,11.34836399,,,,,,
2,110,-11.1411,0.0028,13.83593,,6.04839399,,-10.8672,0.0033,13.5887,,5.80116399,,,,,,
3,1,-7.9204,0.0141,17.07805,,9.29051399,,-7.8004,0.0153,17.18805,,9.40051399,,,,,,
3,2,-6.3313,0.0406,18.66715,,10.87961399,,-6.4856,0.0365,18.50285,,10.71531399,,,,,,
3,3,-6.5791,0.0337,18.41935,,10.63181399,,-7.7269,0.0159,17.26155,,9.47401399,,,,,,
3,4,-5.8613,0.0586,19.13715,,11.34961399,,-5.6158,0.0719,19.37265,,11.58511399,,,,,,
3,5,-7.5482,0.0177,17.45025,,9.66271399,,-8.0882,0.0144,16.90025,,9.11271399,,,,,,
3,6,-5.7796,0.0616,19.21885,,11.43131399,,-5.9891,0.0695,18.99935,,11.21181399,,,,,,
3,7,-6.2193,0.044,18.77915,,10.99161399,,-6.4113,0.0385,18.57715,,10.78961399,,,,,,
3,8,-5.4792,0.0793,19.51925,,11.73171399,,-6.6512,0.0324,18.33725,,10.54971399,,,,,,
3,9,-6.1544,0.0464,18.84405,,11.05651399,,-5.8229,0.0605,19.16555,,11.37801399,,,,,,
3,10,-5.5512,0.0746,19.44725,,11.65971399,,-5.4666,0.08,19.52185,,11.73431399,,,,,,
3,11,-6.6039,0.0333,18.39455,,10.60701399,,-7.2512,0.0259,17.73725,,9.94971399,,,,,,
3,12,-6.9797,0.0255,18.01875,,10.23121399,,-6.8328,0.0284,18.15565,,10.36811399,,,,,,
3,13,-5.7971,0.0618,19.20135,,11.41381399,,-7.2099,0.0266,17.77855,,9.99101399,,,,,,
3,14,-5.4874,0.0779,19.51105,,11.72351399,,-5.3277,0.0908,19.66075,,11.87321399,,,,,,
3,15,-5.5049,0.0773,19.49355,,11.70601399,,-6.9714,0.0318,18.01705,,10.22951399,,,,,,
3,16,-6.1066,0.0479,18.89185,,11.10431399,,-6.2789,0.0422,18.70955,,10.92201399,,,,,,
3,17,-9.2632,0.0068,15.73525,,7.94771399,,-10.1549,0.0044,14.83355,,7.04601399,,,,,,
3,18,-12.012,0.0018,12.98645,,5.19891399,,-11.2743,0.0026,13.71415,,5.92661399,,,,,,
3,19,-9.9966,0.0048,15.00185,,7.21431399,,-10.2012,0.0043,14.78725,,6.99971399,,,,,,
3,20,-8.7006,0.0091,16.29785,,8.51031399,,-9.1566,0.0076,15.83185,,8.04431399,,,,,,
3,21,-6.6919,0.0393,18.30655,,10.51901399,,-7.0095,0.025,17.97895,,10.19141399,,,,,,
3,22,-6.3925,0.1359,18.60595,,10.81841399,,-13.3697,0.001,11.61875,,3.83121399,,,,,,
3,23,-13.5689,0.0009,11.42955,,3.64201399,,-13.1897,0.0011,11.79875,,4.01121399,,,,,,
3,24,-8.603,0.0097,16.39545,,8.60791399,,-8.2038,0.0135,16.78465,,8.99711399,,,,,,
3,25,-5.6217,0.0701,19.37675,,11.58921399,,-5.6231,0.0953,19.36535,,11.57781399,,,,,,
3,26,-5.7721,0.0845,19.22635,,11.43881399,,-5.9187,0.0747,19.06975,,11.28221399,,,,,,
3,27,-7.3058,0.0247,17.69265,,9.90511399,,-8.347,0.0123,16.64145,,8.85391399,,,,,,
3,28,-6.5649,0.0434,18.43355,,10.64601399,,-6.7855,0.0365,18.20295,,10.41541399,,,,,,
3,29,-6.3036,0.0537,18.69485,,10.90731399,,-6.7367,0.0379,18.25175,,10.46421399,,,,,,
3,30,-7.4453,0.0223,17.55315,,9.76561399,,-7.3674,0.0198,17.62105,,9.83351399,,,,,,
3,31,-6.5661,0.034,18.43235,,10.64481399,,-6.7603,0.0371,18.22815,,10.44061399,,,,,,
3,32,-5.3575,0.0867,19.64095,,11.85341399,,-4.1545,0.2468,20.83395,,13.04641399,,,,,,
3,33,-10.4445,0.0038,14.55395,,6.76641399,,-10.0055,0.0047,14.98295,,7.19541399,,,,,,
3,34,-5.5391,0.1033,19.45935,,11.67181399,,-5.5353,0.1029,19.45315,,11.66561399,,,,,,
3,35,-8.8383,0.0085,16.16015,,8.37261399,,-8.9374,0.0081,16.05105,,8.26351399,,,,,,
3,36,-5.1827,0.1398,19.81575,,12.02821399,,-6.2009,0.0452,18.78755,,11.00001399,,,,,,
3,37,-5.483,0.1072,19.51545,,11.72791399,,-4.8525,0.1883,20.13595,,12.34841399,,,,,,
3,38,-5.8208,0.06,19.17765,,11.39011399,,-5.0892,0.152,19.89925,,12.11171399,,,,,,
3,39,-5.8852,0.057,19.11325,,11.32571399,,-5.4319,0.0828,19.55655,,11.76901399,,,,,,
3,40,-5.223,0.1362,19.77545,,11.98791399,,-5.1334,0.1468,19.85505,,12.06751399,,,,,,
3,41,-6.7193,0.0383,18.27915,,10.49161399,,-6.8265,0.0284,18.16195,,10.37441399,,,,,,
3,42,-6.2601,0.043,18.73835,,10.95081399,,-6.166,0.0581,18.82245,,11.03491399,,,,,,
3,43,-8.1251,0.0126,16.87335,,9.08581399,,-8.2088,0.012,16.77965,,8.99211399,,,,,,
3,44,-5.4859,0.0781,19.51255,,11.72501399,,-5.4426,0.1108,19.54585,,11.75831399,,,,,,
3,45,-9.6235,0.0057,15.37495,,7.58741399,,-9.4414,0.0063,15.54705,,7.75951399,,,,,,
3,46,-6.5942,0.0425,18.40425,,10.61671399,,-7.0211,0.0249,17.96735,,10.17981399,,,,,,
3,47,-5.9404,0.0544,19.05805,,11.27051399,,-6.9814,0.0314,18.00705,,10.21951399,,,,,,
3,48,-13.6181,0.0012,11.38035,,3.59281399,,-13.3432,0.0013,11.64525,,3.85771399,,,,,,
3,49,-6.2249,0.0438,18.77355,,10.98601399,,-6.553,0.0436,18.43545,,10.64791399,,,,,,
3,50,-5.7291,0.064,19.26935,,11.48181399,,-5.3937,0.0841,19.59475,,11.80721399,,,,,,
3,51,-5.7064,0.0652,19.29205,,11.50451399,,-6.5926,0.0424,18.39585,,10.60831399,,,,,,
3,52,-7.3516,0.0199,17.64685,,9.85931399,,-8.2197,0.0133,16.76875,,8.98121399,,,,,,
3,53,-7.6063,0.0171,17.39215,,9.60461399,,-7.4297,0.0228,17.55875,,9.77121399,,,,,,
3,54,-5.3716,0.0862,19.62685,,11.83931399,,-4.8331,0.1351,20.15535,,12.36781399,,,,,,
3,55,-5.4506,0.0804,19.54785,,11.76031399,,-5.024,0.1598,19.96445,,12.17691399,,,,,,
3,56,-5.5085,0.0765,19.48995,,11.70241399,,-5.7351,0.0865,19.25335,,11.46581399,,,,,,
3,57,-5.5965,0.098,19.40195,,11.61441399,,-5.8001,0.082,19.18835,,11.40081399,,,,,,
3,58,-9.246,0.0073,15.75245,,7.96491399,,-9.1305,0.0077,15.85795,,8.07041399,,,,,,
3,59,-5.8836,0.0761,19.11485,,11.32731399,,-5.2782,0.1289,19.71025,,11.92271399,,,,,,
3,60,-5.04,0.1136,19.95845,,12.17091399,,-5.0612,0.1552,19.92725,,12.13971399,,,,,,
3,61,-7.2098,0.0266,17.78865,,10.00111399,,-7.8524,0.0147,17.13605,,9.34851399,,,,,,
3,62,-6.3385,0.0405,18.65995,,10.87241399,,-6.6205,0.0417,18.36795,,10.58041399,,,,,,
3,63,-4.9982,0.1643,20.00025,,12.21271399,,-5.7092,0.0651,19.27925,,11.49171399,,,,,,
3,64,-5.6917,0.0665,19.30675,,11.51921399,,-6.1899,0.0593,18.79855,,11.01101399,,,,,,
3,65,-7.2002,0.022,17.79825,,10.01071399,,-7.3839,0.0221,17.60455,,9.81701399,,,,,,
3,66,-5.4003,0.085,19.59815,,11.81061399,,-5.1759,0.1415,19.81255,,12.02501399,,,,,,
3,67,-6.6554,0.0403,18.34305,,10.55551399,,-6.7433,0.0302,18.24515,,10.45761399,,,,,,
3,68,-7.2785,0.0252,17.71995,,9.93241399,,-7.7102,0.0186,17.27825,,9.49071399,,,,,,
3,69,-13.6656,0.0009,11.33285,,3.54531399,,-13.2751,0.0011,11.71335,,3.92581399,,,,,,
3,70,-5.6498,0.0694,19.34865,,11.56111399,,-5.793,0.0834,19.19545,,11.40791399,,,,,,
3,71,-5.4073,0.084,19.59115,,11.80361399,,-5.5693,0.0998,19.41915,,11.63161399,,,,,,
3,72,-6.8438,0.0283,18.15465,,10.36711399,,-6.924,0.0331,18.06445,,10.27691399,,,,,,
3,73,-7.0123,0.031,17.98615,,10.19861399,,-7.2233,0.0265,17.76515,,9.97761399,,,,,,
3,74,-6.6076,0.0419,18.39085,,10.60331399,,-6.7783,0.037,18.21015,,10.42261399,,,,,,
3,75,-5.7531,0.0862,19.24535,,11.45781399,,-6.8417,0.0356,18.14675,,10.35921399,,,,,,
3,76,-6.4448,0.0482,18.55365,,10.76611399,,-6.2973,0.0548,18.69115,,10.90361399,,,,,,
3,77,-5.5789,0.0995,19.41955,,11.63201399,,-5.6904,0.0676,19.29805,,11.51051399,,,,,,
3,78,-8.3535,0.0123,16.64495,,8.85741399,,-8.4331,0.0117,16.55535,,8.76781399,,,,,,
3,79,-9.2951,0.0072,15.70335,,7.91581399,,-9.2799,0.0072,15.70855,,7.92101399,,,,,,
1,1,-9.0338,0.0172,16.94355,,9.15601399,,-9.5869,0.0133,15.26907,,7.48153399,,,,,,
1,2,-7.6618,0.0332,18.31555,,10.52801399,,-8.5874,0.0216,16.26857,,8.48103399,,,,,,
1,3,-3.9537,0.3356,22.02365,,14.23611399,,-4.9759,0.1621,19.88007,,12.09253399,,,,,,
1,4,-11.0828,0.0066,14.89455,,7.10701399,,-11.1993,0.0063,13.65667,,5.86913399,,,,,,
1,5,-4.6471,0.1985,21.33025,,13.54271399,,-6.1569,0.0754,18.69907,,10.91153399,,,,,,
1,6,-5.0771,0.1471,20.90025,,13.11271399,,-5.9774,0.0835,18.87857,,11.09103399,,,,,,
1,7,-6.2778,0.069,19.69955,,11.91201399,,-6.9794,0.0508,17.87657,,10.08903399,,,,,,
1,8,-5.471,0.113,20.50635,,12.71881399,,-6.1447,0.0847,18.71127,,10.92373399,,,,,,
1,9,-5.2966,0.1257,20.68075,,12.89321399,,-6.5298,0.0665,18.32617,,10.53863399,,,,,,
1,10,-5.2961,0.1263,20.68125,,12.89371399,,-6.0975,0.088,18.75847,,10.97093399,,,,,,
1,11,-6.8729,0.0542,19.10445,,11.31691399,,-7.4618,0.039,17.39417,,9.60663399,,,,,,
1,12,-4.9613,0.1578,21.01605,,13.22851399,,-7.0374,0.0487,17.81857,,10.03103399,,,,,,
1,13,-5.7768,0.1095,20.20055,,12.41301399,,-7.5928,0.0363,17.26317,,9.47563399,,,,,,
1,14,-4.9166,0.1622,21.06075,,13.27321399,,-6.6824,0.0586,18.17357,,10.38603399,,,,,,
1,15,-4.5799,0.2065,21.39745,,13.60991399,,-5.5941,0.1236,19.26187,,11.47433399,,,,,,
1,16,-9.1443,0.0163,16.83305,,9.04551399,,-9.5102,0.0138,15.34577,,7.55823399,,,,,,
1,17,-8.4916,0.0222,17.48575,,9.69821399,,-9.5516,0.0136,15.30437,,7.51683399,,,,,,
1,18,-5.8424,0.0888,20.13495,,12.34741399,,-6.5241,0.0668,18.33187,,10.54433399,,,,,,
1,19,-7.2788,0.0403,18.69855,,10.91101399,,-7.9475,0.0299,16.90847,,9.12093399,,,,,,
1,20,-5.7927,0.0916,20.18465,,12.39711399,,-6.2759,0.078,18.58007,,10.79253399,,,,,,
1,21,-8.1734,0.0258,17.80395,,10.01641399,,-9.2182,0.0159,15.63777,,7.85023399,,,,,,
1,22,-8.588,0.0216,17.38935,,9.60181399,,-9.2374,0.0158,15.61857,,7.83103399,,,,,,
1,23,-7.0078,0.0463,18.96955,,11.18201399,,-7.7127,0.0338,17.14327,,9.35573399,,,,,,
1,24,-8.3252,0.024,17.65215,,9.86461399,,-9.0454,0.0173,15.81057,,8.02303399,,,,,,
1,25,-8.7732,0.0194,17.20415,,9.41661399,,-10.068,0.0106,14.78797,,7.00043399,,,,,,
1,26,-5.4197,0.1156,20.55765,,12.77011399,,-6.7016,0.0597,18.15437,,10.36683399,,,,,,
1,27,-11.5775,0.0053,14.39985,,6.61231399,,-11.4874,0.0055,13.36857,,5.58103399,,,,,,
1,28,-5.1825,0.1355,20.79485,,13.00731399,,-7.3657,0.0408,17.49027,,9.70273399,,,,,,
1,29,-5.5373,0.108,20.44005,,12.65251399,,-6.4261,0.071,18.42987,,10.64233399,,,,,,
1,30,-8.0628,0.0273,17.91455,,10.12701399,,-8.7775,0.0197,16.07847,,8.29093399,,,,,,
1,31,-8.0471,0.0284,17.93025,,10.14271399,,-8.6111,0.0214,16.24487,,8.45733399,,,,,,
1,32,-6.3556,0.0658,19.62175,,11.83421399,,-7.0408,0.0489,17.81517,,10.02763399,,,,,,
1,33,-5.3515,0.1476,20.62585,,12.83831399,,-5.7622,0.1113,19.09377,,11.30623399,,,,,,
1,34,-5.1937,0.1342,20.78365,,12.99611399,,-5.5355,0.1293,19.32047,,11.53293399,,,,,,
1,35,-5.1796,0.1358,20.79775,,13.01021399,,-5.8914,0.0998,18.96457,,11.17703399,,,,,,
1,36,-5.3469,0.1225,20.63045,,12.84291399,,-5.7807,0.1098,19.07527,,11.28773399,,,,,,
1,37,-6.4774,0.0615,19.49995,,11.71241399,,-7.3113,0.0419,17.54467,,9.75713399,,,,,,
1,38,-12.4281,0.0036,13.54925,,5.76171399,,-12.4197,0.0036,12.43627,,4.64873399,,,,,,
1,39,-7.289,0.04,18.68835,,10.90081399,,-7.8255,0.0319,17.03047,,9.24293399,,,,,,
1,40,-11.3459,0.0059,14.63145,,6.84391399,,-11.5188,0.0054,13.33717,,5.54963399,,,,,,
1,41,-7.0151,0.0461,18.96225,,11.17471399,,-8.006,0.029,16.84997,,9.06243399,,,,,,
1,42,-6.904,0.0489,19.07335,,11.28581399,,-7.3538,0.041,17.50217,,9.71463399,,,,,,
1,43,-5.9697,0.0823,20.00765,,12.22011399,,-6.6349,0.0621,18.22107,,10.43353399,,,,,,
1,44,-6.6578,0.0558,19.31955,,11.53201399,,-8.4927,0.0227,16.36327,,8.57573399,,,,,,
1,45,-5.7795,0.1079,20.19785,,12.41031399,,-6.1673,0.0841,18.68867,,10.90113399,,,,,,
1,46,-5.2672,0.1279,20.71015,,12.92261399,,-6.1371,0.0846,18.71887,,10.93133399,,,,,,
1,47,-6.0049,0.0807,19.97245,,12.18491399,,-6.7784,0.0573,18.07757,,10.29003399,,,,,,
1,48,-5.2263,0.1319,20.75105,,12.96351399,,-5.9331,0.0981,18.92287,,11.13533399,,,,,,
1,49,-5.4241,0.1161,20.55325,,12.76571399,,-6.4836,0.0686,18.37237,,10.58483399,,,,,,
1,50,-9.4744,0.0139,16.50295,,8.71541399,,-9.8902,0.0116,14.96577,,7.17823399,,,,,,
1,51,-10.4778,0.0088,15.49955,,7.71201399,,-10.9535,0.007,13.90247,,6.11493399,,,,,,
1,52,-9.0005,0.0174,16.97685,,9.18931399,,-9.5659,0.0135,15.29007,,7.50253399,,,,,,
1,53,-6.3112,0.068,19.66615,,11.87861399,,-7.1738,0.0485,17.68217,,9.89463399,,,,,,
1,54,-5.1409,0.139,20.83645,,13.04891399,,-5.8405,0.1038,19.01547,,11.22793399,,,,,,
1,55,-5.1437,0.1389,20.83365,,13.04611399,,-5.5263,0.1303,19.32967,,11.54213399,,,,,,
1,56,-6.0293,0.0797,19.94805,,12.16051399,,-7.0282,0.0493,17.82777,,10.04023399,,,,,,
1,57,-6.3228,0.0672,19.65455,,11.86701399,,-7.3286,0.0415,17.52737,,9.73983399,,,,,,
1,58,-6.1173,0.0757,19.86005,,12.07251399,,-6.9906,0.0505,17.86537,,10.07783399,,,,,,
1,59,-6.2017,0.072,19.77565,,11.98811399,,-6.6462,0.0618,18.20977,,10.42223399,,,,,,
1,60,-4.5484,0.2127,21.42895,,13.64141399,,-4.9109,0.2065,19.94507,,12.15753399,,,,,,
1,61,-9.4276,0.0143,16.54975,,8.76221399,,-10.0471,0.0108,14.80887,,7.02133399,,,,,,
1,62,-8.0926,0.0277,17.88475,,10.09721399,,-9.138,0.0166,15.71797,,7.93043399,,,,,,
1,63,-6.3352,0.0668,19.64215,,11.85461399,,-7.1533,0.0459,17.70267,,9.91513399,,,,,,
1,64,-5.8671,0.0894,20.11025,,12.32271399,,-6.3803,0.0744,18.47567,,10.68813399,,,,,,
1,65,-8.2866,0.0251,17.69075,,9.90321399,,-8.8268,0.0196,16.02917,,8.24163399,,,,,,
1,66,-6.4337,0.0705,19.54365,,11.75611399,,-6.8412,0.0554,18.01477,,10.22723399,,,,,,
1,67,-7.0983,0.0442,18.87905,,11.09151399,,-7.4786,0.0384,17.37737,,9.58983399,,,,,,
1,68,-8.6168,0.0209,17.36055,,9.57301399,,-9.316,0.0154,15.53997,,7.75243399,,,,,,
1,69,-6.5698,0.0587,19.40755,,11.62001399,,-7.3361,0.0415,17.51987,,9.73233399,,,,,,
1,70,-5.0189,0.1725,20.95845,,13.17091399,,-6.0745,0.0886,18.78147,,10.99393399,,,,,,
1,71,-7.6795,0.0329,18.29785,,10.51031399,,-8.1139,0.0275,16.74207,,8.95453399,,,,,,
1,72,-6.4709,0.062,19.50645,,11.71891399,,-7.0443,0.049,17.81167,,10.02413399,,,,,,
1,73,-5.9239,0.0848,20.05345,,12.26591399,,-6.5262,0.0671,18.32977,,10.54223399,,,,,,
1,74,-7.073,0.048,18.90435,,11.11681399,,-7.8183,0.0321,17.03767,,9.25013399,,,,,,
1,75,-5.0331,0.1713,20.94425,,13.15671399,,-6.6725,0.061,18.18347,,10.39593399,,,,,,
1,76,-6.6077,0.0575,19.36965,,11.58211399,,-7.1591,0.046,17.69687,,9.90933399,,,,,,
1,77,-8.5487,0.0221,17.42865,,9.64111399,,-9.0271,0.0178,15.82887,,8.04133399,,,,,,
1,78,-4.3958,0.315,21.58155,,13.79401399,,-5.1322,0.1752,19.72377,,11.93623399,,,,,,
1,79,-8.1937,0.0273,17.78365,,9.99611399,,-8.0452,0.0285,16.81077,,9.02323399,,,,,,