Tile,Source Number,APT_g,APT_error_g,m_g,m_g_error,M_g,M_g_error,APT_i,APT_error_i,m_i,m_i_error,M_i,M_i_error,g-i,,,,
2,1,-5.9708,0.0555,18.2683,,10.48076399,,-7.1792,0.0234,16.6935,,8.90596399,,1.5748,Constant 0 points,Tile 1,Tile 2,Tile 3
2,2,-5.7293,0.0874,18.5098,,10.72226399,,-5.9398,0.0582,17.9329,,10.14536399,,0.5769,i,24.15775517,23.87279126,27.15195803
2,3,-8.7908,0.0102,15.4483,,7.66076399,,-8.6926,0.011,15.1801,,7.39256399,,0.2682,g,25.45925828,24.23916891,24.73359352
2,4,-8.3351,0.0112,15.904,,8.11646399,,-8.5409,0.0109,15.3318,,7.54426399,,0.5722,,,,
2,5,-8.8269,0.0086,15.4122,,7.62466399,,-8.3819,0.011,15.4908,,7.70326399,,-0.0786,,,,
2,6,-13.3706,0.001,10.8685,,3.08096399,,-13.4531,0.001,10.4196,,2.63206399,,0.4489,,,,
2,7,-5.2085,0.179,19.0306,,11.24306399,,-6.0401,0.087,17.8326,,10.04506399,,1.198,,,,
2,8,-6.1057,0.0804,18.1334,,10.34586399,,-6.1239,0.0798,17.7488,,9.96126399,,0.3846,,,,
2,9,-7.7635,0.0155,16.4756,,8.68806399,,-7.9226,0.0145,15.9501,,8.16256399,,0.5255,,,,
2,10,-7.1157,0.0234,17.1234,,9.33586399,,-6.8836,0.031,16.9891,,9.20156399,,0.1343,,,,
2,11,-5.7185,0.0666,18.5206,,10.73306399,,-6.3714,0.0521,17.5013,,9.71376399,,1.0193,,,,
2,12,-7.5362,0.021,16.7029,,8.91536399,,-7.1597,0.0275,16.713,,8.92546399,,-0.0101,,,,
2,13,-5.9866,0.0693,18.2525,,10.46496399,,-6.0132,0.0697,17.8595,,10.07196399,,0.393,,,,
2,14,-8.847,0.0085,15.3921,,7.60456399,,-9.4693,0.0062,14.4034,,6.61586399,,0.9887,,,,
2,15,-8.295,0.0114,15.9441,,8.15656399,,-7.9129,0.0145,15.9598,,8.17226399,,-0.0157,,,,
2,16,-10.3902,0.004,13.8489,,6.06136399,,-9.9911,0.0049,13.8816,,6.09406399,,-0.0327,,,,
2,17,-9.1546,0.0072,15.0845,,7.29696399,,-8.6919,0.0093,15.1808,,7.39326399,,-0.0963,,,,
2,18,-6.321,0.0416,17.9181,,10.13056399,,-6.8624,0.0287,17.0103,,9.22276399,,0.9078,,,,
2,19,-11.1023,0.0028,13.1368,,5.34926399,,-10.6296,0.0036,13.2431,,5.45556399,,-0.1063,,,,
2,20,-8.471,0.0104,15.7681,,7.98056399,,-8.2509,0.0118,15.6218,,7.83426399,,0.1463,,,,
2,21,-5.454,0.1107,18.7851,,10.99756399,,-7.4428,0.0227,16.4299,,8.64236399,,2.3552,,,,
2,22,-5.9818,0.0534,18.2573,,10.46976399,,-5.6251,0.074,18.2476,,10.46006399,,0.0097,,,,
2,23,-5.3273,0.0905,18.9118,,11.12426399,,-5.0914,0.1135,18.7813,,10.99376399,,0.1305,,,,
2,24,-7.1636,0.0282,17.0755,,9.28796399,,-6.9574,0.0396,16.9153,,9.12776399,,0.1602,,,,
2,25,-6.1582,0.0617,18.0809,,10.29336399,,-5.9406,0.0932,17.9321,,10.14456399,,0.1488,,,,
2,26,-13.6656,0.0013,10.5735,,2.78596399,,-13.5853,0.001,10.2874,,2.49986399,,0.2861,,,,
2,27,-7.5571,0.0177,16.682,,8.89446399,,-7.2225,0.0264,16.6502,,8.86266399,,0.0318,,,,
2,28,-8.9099,0.0082,15.3292,,7.54166399,,-8.5502,0.0102,15.3225,,7.53496399,,0.0067,,,,
2,29,-5.3238,0.0914,18.9153,,11.12776399,,-5.2517,0.0988,18.621,,10.83346399,,0.2943,,,,
2,30,-11.6217,0.0022,12.6174,,4.82986399,,-11.1111,0.0028,12.7616,,4.97406399,,-0.1442,,,,
2,31,-5.4834,0.0801,18.7557,,10.96816399,,-5.9032,0.0577,17.9695,,10.18196399,,0.7862,,,,
2,32,-7.4282,0.0192,16.8109,,9.02336399,,-7.287,0.0253,16.5857,,8.79816399,,0.2252,,,,
2,33,-9.3016,0.0067,14.9375,,7.14996399,,-8.8434,0.0085,15.0293,,7.24176399,,-0.0918,,,,
2,34,-7.393,0.0197,16.8461,,9.05856399,,-7.059,0.0249,16.8137,,9.02616399,,0.0324,,,,
2,35,-8.4295,0.0133,15.8096,,8.02206399,,-8.1758,0.0157,15.6969,,7.90936399,,0.1127,,,,
2,36,-6.9169,0.0335,17.3222,,9.53466399,,-6.778,0.037,17.0947,,9.30716399,,0.2275,,,,
2,37,-5.8487,0.0596,18.3904,,10.60286399,,-5.9205,0.0579,17.9522,,10.16466399,,0.4382,,,,
2,38,-8.6595,0.0094,15.5796,,7.79206399,,-8.3389,0.0113,15.5338,,7.74626399,,0.0458,,,,
2,39,-5.9001,0.0761,18.339,,10.55146399,,-5.4201,0.1151,18.4526,,10.66506399,,-0.1136,,,,
2,40,-6.7071,0.031,17.532,,9.74446399,,-6.6809,0.0321,17.1918,,9.40426399,,0.3402,,,,
2,41,-10.0918,0.0047,14.1473,,6.35976399,,-9.3015,0.0068,14.5712,,6.78366399,,-0.4239,,,,
2,42,-6.5362,0.0355,17.7029,,9.91536399,,-6.6573,0.0412,17.2154,,9.42786399,,0.4875,,,,
2,43,-6.9922,0.0254,17.2469,,9.45936399,,-6.6469,0.0336,17.2258,,9.43826399,,0.0211,,,,
2,44,-7.4691,0.0186,16.77,,8.98246399,,-7.4292,0.0226,16.4435,,8.65596399,,0.3265,,,,
2,45,-6.4701,0.0471,17.769,,9.98146399,,-6.2676,0.0696,17.6051,,9.81756399,,0.1639,,,,
2,46,-6.5307,0.0351,17.7084,,9.92086399,,-6.6847,0.0398,17.188,,9.40046399,,0.5204,,,,
2,47,-6.8179,0.036,17.4212,,9.63366399,,-6.8577,0.0352,17.015,,9.22746399,,0.4062,,,,
2,48,-7.3179,0.0206,16.9212,,9.13366399,,-7.0434,0.0305,16.8293,,9.04176399,,0.0919,,,,
2,49,-8.4037,0.0119,15.8354,,8.04786399,,-8.2669,0.013,15.6058,,7.81826399,,0.2296,,,,
2,50,-5.9896,0.0715,18.2495,,10.46196399,,-5.8898,0.0975,17.9829,,10.19536399,,0.2666,,,,
2,51,-4.3215,0.304,19.9176,,12.13006399,,-5.7996,0.0837,18.0731,,10.28556399,,1.8445,,,,
2,52,-7.1201,0.0235,17.119,,9.33146399,,-6.6702,0.0402,17.2025,,9.41496399,,-0.0835,,,,
2,53,-12.0993,0.0018,12.1398,,4.35226399,,-12.4133,0.0015,11.4594,,3.67186399,,0.6804,,,,
2,54,-5.3258,0.125,18.9133,,11.12576399,,-5.2669,0.1344,18.6058,,10.81826399,,0.3075,,,,
2,55,-5.7931,0.0614,18.446,,10.65846399,,-6.3069,0.0543,17.5658,,9.77826399,,0.8802,,,,
2,56,-12.8685,0.0012,11.3706,,3.58306399,,-13.0341,0.0012,10.8386,,3.05106399,,0.532,,,,
2,57,-6.0104,0.0521,18.2287,,10.44116399,,-6.3567,0.0467,17.516,,9.72846399,,0.7127,,,,
2,58,-6.0101,0.0686,18.229,,10.44146399,,-5.981,0.0708,17.8917,,10.10416399,,0.3373,,,,
2,59,-8.0123,0.0134,16.2268,,8.43926399,,-7.8193,0.0173,16.0534,,8.26586399,,0.1734,,,,
2,60,-5.494,0.0799,18.7451,,10.95756399,,-5.6837,0.0913,18.189,,10.40146399,,0.5561,,,,
2,61,-8.8952,0.0083,15.3439,,7.55636399,,-8.3873,0.012,15.4854,,7.69786399,,-0.1415,,,,
2,62,-12.6464,0.0014,11.5927,,3.80516399,,-11.9234,0.0019,11.9493,,4.16176399,,-0.3566,,,,
2,63,-7.4399,0.0226,16.7992,,9.01166399,,-7.4211,0.0229,16.4516,,8.66406399,,0.3476,,,,
2,64,-5.737,0.0868,18.5021,,10.71456399,,-5.6674,0.0924,18.2053,,10.41776399,,0.2968,,,,
2,65,-6.0421,0.051,18.197,,10.40946399,,-5.7694,0.0642,18.1033,,10.31576399,,0.0937,,,,
2,66,-5.5808,0.0735,18.6583,,10.87076399,,-5.7682,0.0661,18.1045,,10.31696399,,0.5538,,,,
2,67,-6.0949,0.0641,18.1442,,10.35666399,,-6.3539,0.052,17.5188,,9.73126399,,0.6254,,,,
2,68,-10.214,0.0044,14.0251,,6.23756399,,-9.9956,0.0049,13.8771,,6.08956399,,0.148,,,,
2,69,-7.997,0.0136,16.2421,,8.45456399,,-7.8605,0.0168,16.0122,,8.22466399,,0.2299,,,,
2,70,-5.7658,0.0847,18.4733,,10.68576399,,-5.4959,0.1082,18.3768,,10.58926399,,0.0965,,,,
2,71,-10.7872,0.0033,13.4519,,5.66436399,,-10.4346,0.0039,13.4381,,5.65056399,,0.0138,,,,
2,72,-6.5421,0.0445,17.697,,9.90946399,,-6.7397,0.0382,17.133,,9.34546399,,0.564,,,,
2,73,-5.3299,0.09,18.9092,,11.12166399,,-5.3346,0.0934,18.5381,,10.75056399,,0.3711,,,,
2,74,-5.1563,0.1048,19.0828,,11.29526399,,-5.1078,0.114,18.7649,,10.97736399,,0.3179,,,,
2,75,-6.5225,0.0455,17.7166,,9.92906399,,-8.1114,0.0143,15.7613,,7.97376399,,1.9553,,,,
2,76,-9.3173,0.007,14.9218,,7.13426399,,-9.0636,0.0081,14.8091,,7.02156399,,0.1127,,,,
2,77,-8.565,0.0099,15.6741,,7.88656399,,-9.0489,0.0081,14.8238,,7.03626399,,0.8503,,,,
2,78,-7.831,0.0173,16.4081,,8.62056399,,-8.012,0.0154,15.8607,,8.07316399,,0.5474,,,,
2,79,-5.457,0.1132,18.7821,,10.99456399,,-6.8626,0.0424,17.0101,,9.22256399,,1.772,,,,
2,80,-5.9288,0.0737,18.3103,,10.52276399,,-5.007,0.1649,18.8657,,11.07816399,,-0.5554,,,,
2,81,-7.3409,0.0242,16.8982,,9.11066399,,-7.0943,0.0291,16.7784,,8.99086399,,0.1198,,,,
2,82,-6.9703,0.026,17.2688,,9.48126399,,-7.2509,0.026,16.6218,,8.83426399,,0.647,,,,
2,83,-9.9427,0.005,14.2964,,6.50886399,,-9.8001,0.0054,14.0726,,6.28506399,,0.2238,,,,
2,84,-6.6826,0.0394,17.5565,,9.76896399,,-6.262,0.0442,17.6107,,9.82316399,,-0.0542,,,,
2,85,-8.6237,0.0104,15.6154,,7.82786399,,-8.6373,0.0103,15.2354,,7.44786399,,0.38,,,,
2,86,-5.818,0.0613,18.4211,,10.63356399,,-6.1872,0.0595,17.6855,,9.89796399,,0.7356,,,,
2,87,-7.8479,0.0169,16.3912,,8.60366399,,-7.7069,0.0189,16.1658,,8.37826399,,0.2254,,,,
2,88,-6.4407,0.0486,17.7984,,10.01086399,,-6.2471,0.0572,17.6256,,9.83806399,,0.1728,,,,
2,89,-6.7733,0.0376,17.4658,,9.67826399,,-7.699,0.019,16.1737,,8.38616399,,1.2921,,,,
2,90,-5.4728,0.1101,18.7663,,10.97876399,,-5.1101,0.1889,18.7626,,10.97506399,,0.0037,,,,
2,91,-7.601,0.0202,16.6381,,8.85056399,,-7.7585,0.0184,16.1142,,8.32666399,,0.5239,,,,
2,92,-6.3571,0.0618,17.882,,10.09446399,,-7.4249,0.0273,16.4478,,8.66026399,,1.4342,,,,
2,93,-6.5462,0.0442,17.6929,,9.90536399,,-7.4063,0.0232,16.4664,,8.67886399,,1.2265,,,,
2,94,-5.2465,0.1309,18.9926,,11.20506399,,-5.1421,0.1464,18.7306,,10.94306399,,0.262,,,,
2,95,-10.1006,0.0047,14.1385,,6.35096399,,-10.2793,0.0043,13.5934,,5.80586399,,0.5451,,,,
2,96,-7.6386,0.0198,16.6005,,8.81296399,,-7.7939,0.0179,16.0788,,8.29126399,,0.5217,,,,
2,97,-13.483,0.001,10.7561,,2.96856399,,-13.0619,0.0011,10.8108,,3.02326399,,-0.0547,,,,
2,98,-6.4956,0.0457,17.7435,,9.95596399,,-6.6383,0.042,17.2344,,9.44686399,,0.5091,,,,
2,99,-6.3081,0.0542,17.931,,10.14346399,,-6.408,0.0504,17.4647,,9.67716399,,0.4663,,,,
2,100,-5.8945,0.097,18.3446,,10.55706399,,-6.2462,0.064,17.6265,,9.83896399,,0.7181,,,,
2,101,-9.8347,0.0055,14.4044,,6.61686399,,-9.8749,0.0054,13.9978,,6.21026399,,0.4066,,,,
2,102,-6.1765,0.0769,18.0626,,10.27506399,,-6.2712,0.0713,17.6015,,9.81396399,,0.4611,,,,
2,103,-7.8348,0.0172,16.4043,,8.61676399,,-8.1706,0.0138,15.7021,,7.91456399,,0.7022,,,,
2,104,-7.0806,0.0296,17.1585,,9.37096399,,-6.773,0.038,17.0997,,9.31216399,,0.0588,,,,
2,105,-10.4682,0.004,13.7709,,5.98336399,,-10.0703,0.0049,13.8024,,6.01486399,,-0.0315,,,,
2,106,-7.5876,0.0241,16.6515,,8.86396399,,-7.3204,0.0297,16.5523,,8.76476399,,0.0992,,,,
2,107,-6.0826,0.0659,18.1565,,10.36896399,,-6.0865,0.0682,17.7862,,9.99866399,,0.3703,,,,
2,108,-4.6486,0.2328,19.5905,,11.80296399,,-4.4132,0.3292,19.4595,,11.67196399,,0.131,,,,
2,109,-4.7336,0.2174,19.5055,,11.71796399,,-5.32,0.1322,18.5527,,10.76516399,,0.9528,,,,
2,110,-11.1411,0.0028,13.098,,5.31046399,,-10.8672,0.0033,13.0055,,5.21796399,,0.0925,,,,
3,1,-7.9204,0.0141,16.81319,,9.02565399,,-7.8004,0.0153,19.3506,,11.56306399,,-2.53741,,,,
3,2,-6.3313,0.0406,18.40229,,10.61475399,,-6.4856,0.0365,18.50285,,10.71531399,,-0.10056,,,,
3,3,-6.5791,0.0337,18.15449,,10.36695399,,-7.7269,0.0159,17.26155,,9.47401399,,0.89294,,,,
3,4,-5.8613,0.0586,18.87229,,11.08475399,,-5.6158,0.0719,19.37265,,11.58511399,,-0.50036,,,,
3,5,-7.5482,0.0177,17.18539,,9.39785399,,-8.0882,0.0144,16.90025,,9.11271399,,0.28514,,,,
3,6,-5.7796,0.0616,18.95399,,11.16645399,,-5.9891,0.0695,18.99935,,11.21181399,,-0.04536,,,,
3,7,-6.2193,0.044,18.51429,,10.72675399,,-6.4113,0.0385,18.57715,,10.78961399,,-0.06286,,,,
3,8,-5.4792,0.0793,19.25439,,11.46685399,,-6.6512,0.0324,18.33725,,10.54971399,,0.91714,,,,
3,9,-6.1544,0.0464,18.57919,,10.79165399,,-5.8229,0.0605,19.16555,,11.37801399,,-0.58636,,,,
3,10,-5.5512,0.0746,19.18239,,11.39485399,,-5.4666,0.08,19.52185,,11.73431399,,-0.33946,,,,
3,11,-6.6039,0.0333,18.12969,,10.34215399,,-7.2512,0.0259,17.73725,,9.94971399,,0.39244,,,,
3,12,-6.9797,0.0255,17.75389,,9.96635399,,-6.8328,0.0284,18.15565,,10.36811399,,-0.40176,,,,
3,13,-5.7971,0.0618,18.93649,,11.14895399,,-7.2099,0.0266,17.77855,,9.99101399,,1.15794,,,,
3,14,-5.4874,0.0779,19.24619,,11.45865399,,-5.3277,0.0908,19.66075,,11.87321399,,-0.41456,,,,
3,15,-5.5049,0.0773,19.22869,,11.44115399,,-6.9714,0.0318,18.01705,,10.22951399,,1.21164,,,,
3,16,-6.1066,0.0479,18.62699,,10.83945399,,-6.2789,0.0422,18.70955,,10.92201399,,-0.08256,,,,
3,17,-9.2632,0.0068,15.47039,,7.68285399,,-10.1549,0.0044,14.83355,,7.04601399,,0.63684,,,,
3,18,-12.012,0.0018,12.72159,,4.93405399,,-11.2743,0.0026,13.71415,,5.92661399,,-0.99256,,,,
3,19,-9.9966,0.0048,14.73699,,6.94945399,,-10.2012,0.0043,14.78725,,6.99971399,,-0.05026,,,,
3,20,-8.7006,0.0091,16.03299,,8.24545399,,-9.1566,0.0076,15.83185,,8.04431399,,0.20114,,,,
3,21,-6.6919,0.0393,18.04169,,10.25415399,,-7.0095,0.025,17.97895,,10.19141399,,0.06274,,,,
3,23,-13.5689,0.0009,11.16469,,3.37715399,,-13.1897,0.0011,11.79875,,4.01121399,,-0.63406,,,,
3,24,-8.603,0.0097,16.13059,,8.34305399,,-8.2038,0.0135,16.78465,,8.99711399,,-0.65406,,,,
3,25,-5.6217,0.0701,19.11189,,11.32435399,,-5.6231,0.0953,19.36535,,11.57781399,,-0.25346,,,,
3,26,-5.7721,0.0845,18.96149,,11.17395399,,-5.9187,0.0747,19.06975,,11.28221399,,-0.10826,,,,
3,27,-7.3058,0.0247,17.42779,,9.64025399,,-8.347,0.0123,16.64145,,8.85391399,,0.78634,,,,
3,28,-6.5649,0.0434,18.16869,,10.38115399,,-6.7855,0.0365,18.20295,,10.41541399,,-0.03426,,,,
3,29,-6.3036,0.0537,18.42999,,10.64245399,,-6.7367,0.0379,18.25175,,10.46421399,,0.17824,,,,
3,30,-7.4453,0.0223,17.28829,,9.50075399,,-7.3674,0.0198,17.62105,,9.83351399,,-0.33276,,,,
3,31,-6.5661,0.034,18.16749,,10.37995399,,-6.7603,0.0371,18.22815,,10.44061399,,-0.06066,,,,
3,32,-5.3575,0.0867,19.37609,,11.58855399,,-4.1545,0.2468,20.83395,,13.04641399,,-1.45786,,,,
3,33,-10.4445,0.0038,14.28909,,6.50155399,,-10.0055,0.0047,14.98295,,7.19541399,,-0.69386,,,,
3,34,-5.5391,0.1033,19.19449,,11.40695399,,-5.5353,0.1029,19.45315,,11.66561399,,-0.25866,,,,
3,35,-8.8383,0.0085,15.89529,,8.10775399,,-8.9374,0.0081,16.05105,,8.26351399,,-0.15576,,,,
3,36,-5.1827,0.1398,19.55089,,11.76335399,,-6.2009,0.0452,18.78755,,11.00001399,,0.76334,,,,
3,37,-5.483,0.1072,19.25059,,11.46305399,,-4.8525,0.1883,20.13595,,12.34841399,,-0.88536,,,,
3,38,-5.8208,0.06,18.91279,,11.12525399,,-5.0892,0.152,19.89925,,12.11171399,,-0.98646,,,,
3,39,-5.8852,0.057,18.84839,,11.06085399,,-5.4319,0.0828,19.55655,,11.76901399,,-0.70816,,,,
3,40,-5.223,0.1362,19.51059,,11.72305399,,-5.1334,0.1468,19.85505,,12.06751399,,-0.34446,,,,
3,41,-6.7193,0.0383,18.01429,,10.22675399,,-6.8265,0.0284,18.16195,,10.37441399,,-0.14766,,,,
3,42,-6.2601,0.043,18.47349,,10.68595399,,-6.166,0.0581,18.82245,,11.03491399,,-0.34896,,,,
3,43,-8.1251,0.0126,16.60849,,8.82095399,,-8.2088,0.012,16.77965,,8.99211399,,-0.17116,,,,
3,44,-5.4859,0.0781,19.24769,,11.46015399,,-5.4426,0.1108,19.54585,,11.75831399,,-0.29816,,,,
3,45,-9.6235,0.0057,15.11009,,7.32255399,,-9.4414,0.0063,15.54705,,7.75951399,,-0.43696,,,,
3,46,-6.5942,0.0425,18.13939,,10.35185399,,-7.0211,0.0249,17.96735,,10.17981399,,0.17204,,,,
3,47,-5.9404,0.0544,18.79319,,11.00565399,,-6.9814,0.0314,18.00705,,10.21951399,,0.78614,,,,
3,48,-13.6181,0.0012,11.11549,,3.32795399,,-13.3432,0.0013,11.64525,,3.85771399,,-0.52976,,,,
3,49,-6.2249,0.0438,18.50869,,10.72115399,,-6.553,0.0436,18.43545,,10.64791399,,0.07324,,,,
3,50,-5.7291,0.064,19.00449,,11.21695399,,-5.3937,0.0841,19.59475,,11.80721399,,-0.59026,,,,
3,51,-5.7064,0.0652,19.02719,,11.23965399,,-6.5926,0.0424,18.39585,,10.60831399,,0.63134,,,,
3,52,-7.3516,0.0199,17.38199,,9.59445399,,-8.2197,0.0133,16.76875,,8.98121399,,0.61324,,,,
3,53,-7.6063,0.0171,17.12729,,9.33975399,,-7.4297,0.0228,17.55875,,9.77121399,,-0.43146,,,,
3,54,-5.3716,0.0862,19.36199,,11.57445399,,-4.8331,0.1351,20.15535,,12.36781399,,-0.79336,,,,
3,55,-5.4506,0.0804,19.28299,,11.49545399,,-5.024,0.1598,19.96445,,12.17691399,,-0.68146,,,,
3,56,-5.5085,0.0765,19.22509,,11.43755399,,-5.7351,0.0865,19.25335,,11.46581399,,-0.02826,,,,
3,57,-5.5965,0.098,19.13709,,11.34955399,,-5.8001,0.082,19.18835,,11.40081399,,-0.05126,,,,
3,58,-9.246,0.0073,15.48759,,7.70005399,,-9.1305,0.0077,15.85795,,8.07041399,,-0.37036,,,,
3,59,-5.8836,0.0761,18.84999,,11.06245399,,-5.2782,0.1289,19.71025,,11.92271399,,-0.86026,,,,
3,60,-5.04,0.1136,19.69359,,11.90605399,,-5.0612,0.1552,19.92725,,12.13971399,,-0.23366,,,,
3,61,-7.2098,0.0266,17.52379,,9.73625399,,-7.8524,0.0147,17.13605,,9.34851399,,0.38774,,,,
3,62,-6.3385,0.0405,18.39509,,10.60755399,,-6.6205,0.0417,18.36795,,10.58041399,,0.02714,,,,
3,63,-4.9982,0.1643,19.73539,,11.94785399,,-5.7092,0.0651,19.27925,,11.49171399,,0.45614,,,,
3,64,-5.6917,0.0665,19.04189,,11.25435399,,-6.1899,0.0593,18.79855,,11.01101399,,0.24334,,,,
3,65,-7.2002,0.022,17.53339,,9.74585399,,-7.3839,0.0221,17.60455,,9.81701399,,-0.07116,,,,
3,66,-5.4003,0.085,19.33329,,11.54575399,,-5.1759,0.1415,19.81255,,12.02501399,,-0.47926,,,,
3,67,-6.6554,0.0403,18.07819,,10.29065399,,-6.7433,0.0302,18.24515,,10.45761399,,-0.16696,,,,
3,68,-7.2785,0.0252,17.45509,,9.66755399,,-7.7102,0.0186,17.27825,,9.49071399,,0.17684,,,,
3,69,-13.6656,0.0009,11.06799,,3.28045399,,-13.2751,0.0011,11.71335,,3.92581399,,-0.64536,,,,
3,70,-5.6498,0.0694,19.08379,,11.29625399,,-5.793,0.0834,19.19545,,11.40791399,,-0.11166,,,,
3,71,-5.4073,0.084,19.32629,,11.53875399,,-5.5693,0.0998,19.41915,,11.63161399,,-0.09286,,,,
3,72,-6.8438,0.0283,17.88979,,10.10225399,,-6.924,0.0331,18.06445,,10.27691399,,-0.17466,,,,
3,73,-7.0123,0.031,17.72129,,9.93375399,,-7.2233,0.0265,17.76515,,9.97761399,,-0.04386,,,,
3,74,-6.6076,0.0419,18.12599,,10.33845399,,-6.7783,0.037,18.21015,,10.42261399,,-0.08416,,,,
3,75,-5.7531,0.0862,18.98049,,11.19295399,,-6.8417,0.0356,18.14675,,10.35921399,,0.83374,,,,
3,76,-6.4448,0.0482,18.28879,,10.50125399,,-6.2973,0.0548,18.69115,,10.90361399,,-0.40236,,,,
3,77,-5.5789,0.0995,19.15469,,11.36715399,,-5.6904,0.0676,19.29805,,11.51051399,,-0.14336,,,,
3,78,-8.3535,0.0123,16.38009,,8.59255399,,-8.4331,0.0117,16.55535,,8.76781399,,-0.17526,,,,
3,79,-9.2951,0.0072,15.43849,,7.65095399,,-9.2799,0.0072,15.70855,,7.92101399,,-0.27006,,,,
1,1,-9.0338,0.0172,16.42545,,8.63791399,,-9.5869,0.0133,14.570855,,6.78331899,,1.854595,,,,
1,2,-7.6618,0.0332,17.79745,,10.00991399,,-8.5874,0.0216,16.26857,,8.48103399,,1.52888,,,,
1,3,-3.9537,0.3356,21.50555,,13.71801399,,-4.9759,0.1621,19.88007,,12.09253399,,1.62548,,,,
1,4,-11.0828,0.0066,14.37645,,6.58891399,,-11.1993,0.0063,13.65667,,5.86913399,,0.71978,,,,
1,5,-4.6471,0.1985,20.81215,,13.02461399,,-6.1569,0.0754,18.69907,,10.91153399,,2.11308,,,,
1,6,-5.0771,0.1471,20.38215,,12.59461399,,-5.9774,0.0835,18.87857,,11.09103399,,1.50358,,,,
1,7,-6.2778,0.069,19.18145,,11.39391399,,-6.9794,0.0508,17.87657,,10.08903399,,1.30488,,,,
1,8,-5.471,0.113,19.98825,,12.20071399,,-6.1447,0.0847,18.71127,,10.92373399,,1.27698,,,,
1,9,-5.2966,0.1257,20.16265,,12.37511399,,-6.5298,0.0665,18.32617,,10.53863399,,1.83648,,,,
1,10,-5.2961,0.1263,20.16315,,12.37561399,,-6.0975,0.088,18.75847,,10.97093399,,1.40468,,,,
1,11,-6.8729,0.0542,18.58635,,10.79881399,,-7.4618,0.039,17.39417,,9.60663399,,1.19218,,,,
1,12,-4.9613,0.1578,20.49795,,12.71041399,,-7.0374,0.0487,17.81857,,10.03103399,,2.67938,,,,
1,13,-5.7768,0.1095,19.68245,,11.89491399,,-7.5928,0.0363,17.26317,,9.47563399,,2.41928,,,,
1,14,-4.9166,0.1622,20.54265,,12.75511399,,-6.6824,0.0586,18.17357,,10.38603399,,2.36908,,,,
1,15,-4.5799,0.2065,20.87935,,13.09181399,,-5.5941,0.1236,19.26187,,11.47433399,,1.61748,,,,
1,16,-9.1443,0.0163,16.31495,,8.52741399,,-9.5102,0.0138,15.34577,,7.55823399,,0.96918,,,,
1,17,-8.4916,0.0222,16.96765,,9.18011399,,-9.5516,0.0136,15.30437,,7.51683399,,1.66328,,,,
1,18,-5.8424,0.0888,19.61685,,11.82931399,,-6.5241,0.0668,18.33187,,10.54433399,,1.28498,,,,
1,19,-7.2788,0.0403,18.18045,,10.39291399,,-7.9475,0.0299,16.90847,,9.12093399,,1.27198,,,,
1,20,-5.7927,0.0916,19.66655,,11.87901399,,-6.2759,0.078,18.58007,,10.79253399,,1.08648,,,,
1,21,-8.1734,0.0258,17.28585,,9.49831399,,-9.2182,0.0159,15.63777,,7.85023399,,1.64808,,,,
1,22,-8.588,0.0216,16.87125,,9.08371399,,-9.2374,0.0158,15.61857,,7.83103399,,1.25268,,,,
1,23,-7.0078,0.0463,18.45145,,10.66391399,,-7.7127,0.0338,17.14327,,9.35573399,,1.30818,,,,
1,24,-8.3252,0.024,17.13405,,9.34651399,,-9.0454,0.0173,15.81057,,8.02303399,,1.32348,,,,
1,25,-8.7732,0.0194,16.68605,,8.89851399,,-10.068,0.0106,14.78797,,7.00043399,,1.89808,,,,
1,26,-5.4197,0.1156,20.03955,,12.25201399,,-6.7016,0.0597,18.15437,,10.36683399,,1.88518,,,,
1,27,-11.5775,0.0053,13.88175,,6.09421399,,-11.4874,0.0055,13.36857,,5.58103399,,0.51318,,,,
1,28,-5.1825,0.1355,20.27675,,12.48921399,,-7.3657,0.0408,17.49027,,9.70273399,,2.78648,,,,
1,29,-5.5373,0.108,19.92195,,12.13441399,,-6.4261,0.071,18.42987,,10.64233399,,1.49208,,,,
1,30,-8.0628,0.0273,17.39645,,9.60891399,,-8.7775,0.0197,16.07847,,8.29093399,,1.31798,,,,
1,31,-8.0471,0.0284,17.41215,,9.62461399,,-8.6111,0.0214,16.24487,,8.45733399,,1.16728,,,,
1,32,-6.3556,0.0658,19.10365,,11.31611399,,-7.0408,0.0489,17.81517,,10.02763399,,1.28848,,,,
1,33,-5.3515,0.1476,20.10775,,12.32021399,,-5.7622,0.1113,19.09377,,11.30623399,,1.01398,,,,
1,34,-5.1937,0.1342,20.26555,,12.47801399,,-5.5355,0.1293,19.32047,,11.53293399,,0.94508,,,,
1,35,-5.1796,0.1358,20.27965,,12.49211399,,-5.8914,0.0998,18.96457,,11.17703399,,1.31508,,,,
1,36,-5.3469,0.1225,20.11235,,12.32481399,,-5.7807,0.1098,19.07527,,11.28773399,,1.03708,,,,
1,37,-6.4774,0.0615,18.98185,,11.19431399,,-7.3113,0.0419,17.54467,,9.75713399,,1.43718,,,,
1,38,-12.4281,0.0036,13.03115,,5.24361399,,-12.4197,0.0036,12.43627,,4.64873399,,0.59488,,,,
1,39,-7.289,0.04,18.17025,,10.38271399,,-7.8255,0.0319,17.03047,,9.24293399,,1.13978,,,,
1,40,-11.3459,0.0059,14.11335,,6.32581399,,-11.5188,0.0054,13.33717,,5.54963399,,0.77618,,,,
1,41,-7.0151,0.0461,18.44415,,10.65661399,,-8.006,0.029,16.84997,,9.06243399,,1.59418,,,,
1,42,-6.904,0.0489,18.55525,,10.76771399,,-7.3538,0.041,17.50217,,9.71463399,,1.05308,,,,
1,43,-5.9697,0.0823,19.48955,,11.70201399,,-6.6349,0.0621,18.22107,,10.43353399,,1.26848,,,,
1,44,-6.6578,0.0558,18.80145,,11.01391399,,-8.4927,0.0227,16.36327,,8.57573399,,2.43818,,,,
1,45,-5.7795,0.1079,19.67975,,11.89221399,,-6.1673,0.0841,18.68867,,10.90113399,,0.99108,,,,
1,46,-5.2672,0.1279,20.19205,,12.40451399,,-6.1371,0.0846,18.71887,,10.93133399,,1.47318,,,,
1,47,-6.0049,0.0807,19.45435,,11.66681399,,-6.7784,0.0573,18.07757,,10.29003399,,1.37678,,,,
1,48,-5.2263,0.1319,20.23295,,12.44541399,,-5.9331,0.0981,18.92287,,11.13533399,,1.31008,,,,
1,49,-5.4241,0.1161,20.03515,,12.24761399,,-6.4836,0.0686,18.37237,,10.58483399,,1.66278,,,,
1,50,-9.4744,0.0139,15.98485,,8.19731399,,-9.8902,0.0116,14.96577,,7.17823399,,1.01908,,,,
1,51,-10.4778,0.0088,14.98145,,7.19391399,,-10.9535,0.007,13.90247,,6.11493399,,1.07898,,,,
1,52,-9.0005,0.0174,16.45875,,8.67121399,,-9.5659,0.0135,15.29007,,7.50253399,,1.16868,,,,
1,53,-6.3112,0.068,19.14805,,11.36051399,,-7.1738,0.0485,17.68217,,9.89463399,,1.46588,,,,
1,54,-5.1409,0.139,20.31835,,12.53081399,,-5.8405,0.1038,19.01547,,11.22793399,,1.30288,,,,
1,55,-5.1437,0.1389,20.31555,,12.52801399,,-5.5263,0.1303,19.32967,,11.54213399,,0.98588,,,,
1,56,-6.0293,0.0797,19.42995,,11.64241399,,-7.0282,0.0493,17.82777,,10.04023399,,1.60218,,,,
1,57,-6.3228,0.0672,19.13645,,11.34891399,,-7.3286,0.0415,17.52737,,9.73983399,,1.60908,,,,
1,58,-6.1173,0.0757,19.34195,,11.55441399,,-6.9906,0.0505,17.86537,,10.07783399,,1.47658,,,,
1,59,-6.2017,0.072,19.25755,,11.47001399,,-6.6462,0.0618,18.20977,,10.42223399,,1.04778,,,,
1,60,-4.5484,0.2127,20.91085,,13.12331399,,-4.9109,0.2065,19.94507,,12.15753399,,0.96578,,,,
1,61,-9.4276,0.0143,16.03165,,8.24411399,,-10.0471,0.0108,14.80887,,7.02133399,,1.22278,,,,
1,62,-8.0926,0.0277,17.36665,,9.57911399,,-9.138,0.0166,15.71797,,7.93043399,,1.64868,,,,
1,63,-6.3352,0.0668,19.12405,,11.33651399,,-7.1533,0.0459,17.70267,,9.91513399,,1.42138,,,,
1,64,-5.8671,0.0894,19.59215,,11.80461399,,-6.3803,0.0744,18.47567,,10.68813399,,1.11648,,,,
1,65,-8.2866,0.0251,17.17265,,9.38511399,,-8.8268,0.0196,16.02917,,8.24163399,,1.14348,,,,
1,66,-6.4337,0.0705,19.02555,,11.23801399,,-6.8412,0.0554,18.01477,,10.22723399,,1.01078,,,,
1,67,-7.0983,0.0442,18.36095,,10.57341399,,-7.4786,0.0384,17.37737,,9.58983399,,0.98358,,,,
1,68,-8.6168,0.0209,16.84245,,9.05491399,,-9.316,0.0154,15.53997,,7.75243399,,1.30248,,,,
1,69,-6.5698,0.0587,18.88945,,11.10191399,,-7.3361,0.0415,17.51987,,9.73233399,,1.36958,,,,
1,70,-5.0189,0.1725,20.44035,,12.65281399,,-6.0745,0.0886,18.78147,,10.99393399,,1.65888,,,,
1,71,-7.6795,0.0329,17.77975,,9.99221399,,-8.1139,0.0275,16.74207,,8.95453399,,1.03768,,,,
1,72,-6.4709,0.062,18.98835,,11.20081399,,-7.0443,0.049,17.81167,,10.02413399,,1.17668,,,,
1,73,-5.9239,0.0848,19.53535,,11.74781399,,-6.5262,0.0671,18.32977,,10.54223399,,1.20558,,,,
1,74,-7.073,0.048,18.38625,,10.59871399,,-7.8183,0.0321,17.03767,,9.25013399,,1.34858,,,,
1,75,-5.0331,0.1713,20.42615,,12.63861399,,-6.6725,0.061,18.18347,,10.39593399,,2.24268,,,,
1,76,-6.6077,0.0575,18.85155,,11.06401399,,-7.1591,0.046,17.69687,,9.90933399,,1.15468,,,,
1,77,-8.5487,0.0221,16.91055,,9.12301399,,-9.0271,0.0178,15.82887,,8.04133399,,1.08168,,,,
1,78,-4.3958,0.315,21.06345,,13.27591399,,-5.1322,0.1752,19.72377,,11.93623399,,1.33968,,,,
1,79,-8.1937,0.0273,17.26555,,9.47801399,,-8.0452,0.0285,16.81077,,9.02323399,,0.45478,,,,