Tile,Source Number,APT_g,APT_error_g,m_g,m_g_ec,m_g_error,M_g,M_g_error,APT_i,APT_error_i,m_i,m_i_ec,m_i_error,M_i,M_i_error,g-i,,,,
2,1,-5.9708,0.0555,18.2683,17.70679,,9.91925399,,-7.1792,0.0234,16.6935,16.40484,,8.61730399,,1.30195,Constant 0 points,Tile 1,Tile 2,Tile 3
2,2,-5.7293,0.0874,18.5098,17.94829,,10.16075399,,-5.9398,0.0582,17.9329,17.64424,,9.85670399,,0.30405,i,24.15775517,23.87279126,27.15195803
2,3,-8.7908,0.0102,15.4483,14.88679,,7.09925399,,-8.6926,0.011,15.1801,14.89144,,7.10390399,,-0.00465,g,25.45925828,24.23916891,24.73359352
2,4,-8.3351,0.0112,15.904,15.34249,,7.55495399,,-8.5409,0.0109,15.3318,15.04314,,7.25560399,,0.29935,,,,
2,5,-8.8269,0.0086,15.4122,14.85069,,7.06315399,,-8.3819,0.011,15.4908,15.20214,,7.41460399,,-0.35145,,,,
2,6,-13.3706,0.001,10.8685,10.30699,,2.51945399,,-13.4531,0.001,10.4196,10.13094,,2.34340399,,0.17605,,,,
2,7,-5.2085,0.179,19.0306,18.46909,,10.68155399,,-6.0401,0.087,17.8326,17.54394,,9.75640399,,0.92515,,,,
2,8,-6.1057,0.0804,18.1334,17.57189,,9.78435399,,-6.1239,0.0798,17.7488,17.46014,,9.67260399,,0.11175,,,,
2,9,-7.7635,0.0155,16.4756,15.91409,,8.12655399,,-7.9226,0.0145,15.9501,15.66144,,7.87390399,,0.25265,,,,
2,10,-7.1157,0.0234,17.1234,16.56189,,8.77435399,,-6.8836,0.031,16.9891,16.70044,,8.91290399,,-0.13855,,,,
2,11,-5.7185,0.0666,18.5206,17.95909,,10.17155399,,-6.3714,0.0521,17.5013,17.21264,,9.42510399,,0.74645,,,,
2,12,-7.5362,0.021,16.7029,16.14139,,8.35385399,,-7.1597,0.0275,16.713,16.42434,,8.63680399,,-0.28295,,,,
2,13,-5.9866,0.0693,18.2525,17.69099,,9.90345399,,-6.0132,0.0697,17.8595,17.57084,,9.78330399,,0.12015,,,,
2,14,-8.847,0.0085,15.3921,14.83059,,7.04305399,,-9.4693,0.0062,14.4034,14.11474,,6.32720399,,0.71585,,,,
2,15,-8.295,0.0114,15.9441,15.38259,,7.59505399,,-7.9129,0.0145,15.9598,15.67114,,7.88360399,,-0.28855,,,,
2,16,-10.3902,0.004,13.8489,13.28739,,5.49985399,,-9.9911,0.0049,13.8816,13.59294,,5.80540399,,-0.30555,,,,
2,17,-9.1546,0.0072,15.0845,14.52299,,6.73545399,,-8.6919,0.0093,15.1808,14.89214,,7.10460399,,-0.36915,,,,
2,18,-6.321,0.0416,17.9181,17.35659,,9.56905399,,-6.8624,0.0287,17.0103,16.72164,,8.93410399,,0.63495,,,,
2,19,-11.1023,0.0028,13.1368,12.57529,,4.78775399,,-10.6296,0.0036,13.2431,12.95444,,5.16690399,,-0.37915,,,,
2,20,-8.471,0.0104,15.7681,15.20659,,7.41905399,,-8.2509,0.0118,15.6218,15.33314,,7.54560399,,-0.12655,,,,
2,21,-5.454,0.1107,18.7851,18.22359,,10.43605399,,-7.4428,0.0227,16.4299,16.14124,,8.35370399,,2.08235,,,,
2,22,-5.9818,0.0534,18.2573,17.69579,,9.90825399,,-5.6251,0.074,18.2476,17.95894,,10.17140399,,-0.26315,,,,
2,23,-5.3273,0.0905,18.9118,18.35029,,10.56275399,,-5.0914,0.1135,18.7813,18.49264,,10.70510399,,-0.14235,,,,
2,24,-7.1636,0.0282,17.0755,16.51399,,8.72645399,,-6.9574,0.0396,16.9153,16.62664,,8.83910399,,-0.11265,,,,
2,25,-6.1582,0.0617,18.0809,17.51939,,9.73185399,,-5.9406,0.0932,17.9321,17.64344,,9.85590399,,-0.12405,,,,
2,26,-13.6656,0.0013,10.5735,10.01199,,2.22445399,,-13.5853,0.001,10.2874,9.99874,,2.21120399,,0.01325,,,,
2,27,-7.5571,0.0177,16.682,16.12049,,8.33295399,,-7.2225,0.0264,16.6502,16.36154,,8.57400399,,-0.24105,,,,
2,28,-8.9099,0.0082,15.3292,14.76769,,6.98015399,,-8.5502,0.0102,15.3225,15.03384,,7.24630399,,-0.26615,,,,
2,29,-5.3238,0.0914,18.9153,18.35379,,10.56625399,,-5.2517,0.0988,18.621,18.33234,,10.54480399,,0.02145,,,,
2,30,-11.6217,0.0022,12.6174,12.05589,,4.26835399,,-11.1111,0.0028,12.7616,12.47294,,4.68540399,,-0.41705,,,,
2,31,-5.4834,0.0801,18.7557,18.19419,,10.40665399,,-5.9032,0.0577,17.9695,17.68084,,9.89330399,,0.51335,,,,
2,32,-7.4282,0.0192,16.8109,16.24939,,8.46185399,,-7.287,0.0253,16.5857,16.29704,,8.50950399,,-0.04765,,,,
2,33,-9.3016,0.0067,14.9375,14.37599,,6.58845399,,-8.8434,0.0085,15.0293,14.74064,,6.95310399,,-0.36465,,,,
2,34,-7.393,0.0197,16.8461,16.28459,,8.49705399,,-7.059,0.0249,16.8137,16.52504,,8.73750399,,-0.24045,,,,
2,35,-8.4295,0.0133,15.8096,15.24809,,7.46055399,,-8.1758,0.0157,15.6969,15.40824,,7.62070399,,-0.16015,,,,
2,36,-6.9169,0.0335,17.3222,16.76069,,8.97315399,,-6.778,0.037,17.0947,16.80604,,9.01850399,,-0.04535,,,,
2,37,-5.8487,0.0596,18.3904,17.82889,,10.04135399,,-5.9205,0.0579,17.9522,17.66354,,9.87600399,,0.16535,,,,
2,38,-8.6595,0.0094,15.5796,15.01809,,7.23055399,,-8.3389,0.0113,15.5338,15.24514,,7.45760399,,-0.22705,,,,
2,39,-5.9001,0.0761,18.339,17.77749,,9.98995399,,-5.4201,0.1151,18.4526,18.16394,,10.37640399,,-0.38645,,,,
2,40,-6.7071,0.031,17.532,16.97049,,9.18295399,,-6.6809,0.0321,17.1918,16.90314,,9.11560399,,0.06735,,,,
2,41,-10.0918,0.0047,14.1473,13.58579,,5.79825399,,-9.3015,0.0068,14.5712,14.28254,,6.49500399,,-0.69675,,,,
2,42,-6.5362,0.0355,17.7029,17.14139,,9.35385399,,-6.6573,0.0412,17.2154,16.92674,,9.13920399,,0.21465,,,,
2,43,-6.9922,0.0254,17.2469,16.68539,,8.89785399,,-6.6469,0.0336,17.2258,16.93714,,9.14960399,,-0.25175,,,,
2,44,-7.4691,0.0186,16.77,16.20849,,8.42095399,,-7.4292,0.0226,16.4435,16.15484,,8.36730399,,0.05365,,,,
2,45,-6.4701,0.0471,17.769,17.20749,,9.41995399,,-6.2676,0.0696,17.6051,17.31644,,9.52890399,,-0.10895,,,,
2,46,-6.5307,0.0351,17.7084,17.14689,,9.35935399,,-6.6847,0.0398,17.188,16.89934,,9.11180399,,0.24755,,,,
2,47,-6.8179,0.036,17.4212,16.85969,,9.07215399,,-6.8577,0.0352,17.015,16.72634,,8.93880399,,0.13335,,,,
2,48,-7.3179,0.0206,16.9212,16.35969,,8.57215399,,-7.0434,0.0305,16.8293,16.54064,,8.75310399,,-0.18095,,,,
2,49,-8.4037,0.0119,15.8354,15.27389,,7.48635399,,-8.2669,0.013,15.6058,15.31714,,7.52960399,,-0.04325,,,,
2,50,-5.9896,0.0715,18.2495,17.68799,,9.90045399,,-5.8898,0.0975,17.9829,17.69424,,9.90670399,,-0.00625,,,,
2,51,-4.3215,0.304,19.9176,19.35609,,11.56855399,,-5.7996,0.0837,18.0731,17.78444,,9.99690399,,1.57165,,,,
2,52,-7.1201,0.0235,17.119,16.55749,,8.76995399,,-6.6702,0.0402,17.2025,16.91384,,9.12630399,,-0.35635,,,,
2,53,-12.0993,0.0018,12.1398,11.57829,,3.79075399,,-12.4133,0.0015,11.4594,11.17074,,3.38320399,,0.40755,,,,
2,54,-5.3258,0.125,18.9133,18.35179,,10.56425399,,-5.2669,0.1344,18.6058,18.31714,,10.52960399,,0.03465,,,,
2,55,-5.7931,0.0614,18.446,17.88449,,10.09695399,,-6.3069,0.0543,17.5658,17.27714,,9.48960399,,0.60735,,,,
2,56,-12.8685,0.0012,11.3706,10.80909,,3.02155399,,-13.0341,0.0012,10.8386,10.54994,,2.76240399,,0.25915,,,,
2,57,-6.0104,0.0521,18.2287,17.66719,,9.87965399,,-6.3567,0.0467,17.516,17.22734,,9.43980399,,0.43985,,,,
2,58,-6.0101,0.0686,18.229,17.66749,,9.87995399,,-5.981,0.0708,17.8917,17.60304,,9.81550399,,0.06445,,,,
2,59,-8.0123,0.0134,16.2268,15.66529,,7.87775399,,-7.8193,0.0173,16.0534,15.76474,,7.97720399,,-0.09945,,,,
2,60,-5.494,0.0799,18.7451,18.18359,,10.39605399,,-5.6837,0.0913,18.189,17.90034,,10.11280399,,0.28325,,,,
2,61,-8.8952,0.0083,15.3439,14.78239,,6.99485399,,-8.3873,0.012,15.4854,15.19674,,7.40920399,,-0.41435,,,,
2,62,-12.6464,0.0014,11.5927,11.03119,,3.24365399,,-11.9234,0.0019,11.9493,11.66064,,3.87310399,,-0.62945,,,,
2,63,-7.4399,0.0226,16.7992,16.23769,,8.45015399,,-7.4211,0.0229,16.4516,16.16294,,8.37540399,,0.07475,,,,
2,64,-5.737,0.0868,18.5021,17.94059,,10.15305399,,-5.6674,0.0924,18.2053,17.91664,,10.12910399,,0.02395,,,,
2,65,-6.0421,0.051,18.197,17.63549,,9.84795399,,-5.7694,0.0642,18.1033,17.81464,,10.02710399,,-0.17915,,,,
2,66,-5.5808,0.0735,18.6583,18.09679,,10.30925399,,-5.7682,0.0661,18.1045,17.81584,,10.02830399,,0.28095,,,,
2,67,-6.0949,0.0641,18.1442,17.58269,,9.79515399,,-6.3539,0.052,17.5188,17.23014,,9.44260399,,0.35255,,,,
2,68,-10.214,0.0044,14.0251,13.46359,,5.67605399,,-9.9956,0.0049,13.8771,13.58844,,5.80090399,,-0.12485,,,,
2,69,-7.997,0.0136,16.2421,15.68059,,7.89305399,,-7.8605,0.0168,16.0122,15.72354,,7.93600399,,-0.04295,,,,
2,70,-5.7658,0.0847,18.4733,17.91179,,10.12425399,,-5.4959,0.1082,18.3768,18.08814,,10.30060399,,-0.17635,,,,
2,71,-10.7872,0.0033,13.4519,12.89039,,5.10285399,,-10.4346,0.0039,13.4381,13.14944,,5.36190399,,-0.25905,,,,
2,72,-6.5421,0.0445,17.697,17.13549,,9.34795399,,-6.7397,0.0382,17.133,16.84434,,9.05680399,,0.29115,,,,
2,73,-5.3299,0.09,18.9092,18.34769,,10.56015399,,-5.3346,0.0934,18.5381,18.24944,,10.46190399,,0.09825,,,,
2,74,-5.1563,0.1048,19.0828,18.52129,,10.73375399,,-5.1078,0.114,18.7649,18.47624,,10.68870399,,0.04505,,,,
2,75,-6.5225,0.0455,17.7166,17.15509,,9.36755399,,-8.1114,0.0143,15.7613,15.47264,,7.68510399,,1.68245,,,,
2,76,-9.3173,0.007,14.9218,14.36029,,6.57275399,,-9.0636,0.0081,14.8091,14.52044,,6.73290399,,-0.16015,,,,
2,77,-8.565,0.0099,15.6741,15.11259,,7.32505399,,-9.0489,0.0081,14.8238,14.53514,,6.74760399,,0.57745,,,,
2,78,-7.831,0.0173,16.4081,15.84659,,8.05905399,,-8.012,0.0154,15.8607,15.57204,,7.78450399,,0.27455,,,,
2,79,-5.457,0.1132,18.7821,18.22059,,10.43305399,,-6.8626,0.0424,17.0101,16.72144,,8.93390399,,1.49915,,,,
2,80,-5.9288,0.0737,18.3103,17.74879,,9.96125399,,-5.007,0.1649,18.8657,18.57704,,10.78950399,,-0.82825,,,,
2,81,-7.3409,0.0242,16.8982,16.33669,,8.54915399,,-7.0943,0.0291,16.7784,16.48974,,8.70220399,,-0.15305,,,,
2,82,-6.9703,0.026,17.2688,16.70729,,8.91975399,,-7.2509,0.026,16.6218,16.33314,,8.54560399,,0.37415,,,,
2,83,-9.9427,0.005,14.2964,13.73489,,5.94735399,,-9.8001,0.0054,14.0726,13.78394,,5.99640399,,-0.04905,,,,
2,84,-6.6826,0.0394,17.5565,16.99499,,9.20745399,,-6.262,0.0442,17.6107,17.32204,,9.53450399,,-0.32705,,,,
2,85,-8.6237,0.0104,15.6154,15.05389,,7.26635399,,-8.6373,0.0103,15.2354,14.94674,,7.15920399,,0.10715,,,,
2,86,-5.818,0.0613,18.4211,17.85959,,10.07205399,,-6.1872,0.0595,17.6855,17.39684,,9.60930399,,0.46275,,,,
2,87,-7.8479,0.0169,16.3912,15.82969,,8.04215399,,-7.7069,0.0189,16.1658,15.87714,,8.08960399,,-0.04745,,,,
2,88,-6.4407,0.0486,17.7984,17.23689,,9.44935399,,-6.2471,0.0572,17.6256,17.33694,,9.54940399,,-0.10005,,,,
2,89,-6.7733,0.0376,17.4658,16.90429,,9.11675399,,-7.699,0.019,16.1737,15.88504,,8.09750399,,1.01925,,,,
2,90,-5.4728,0.1101,18.7663,18.20479,,10.41725399,,-5.1101,0.1889,18.7626,18.47394,,10.68640399,,-0.26915,,,,
2,91,-7.601,0.0202,16.6381,16.07659,,8.28905399,,-7.7585,0.0184,16.1142,15.82554,,8.03800399,,0.25105,,,,
2,92,-6.3571,0.0618,17.882,17.32049,,9.53295399,,-7.4249,0.0273,16.4478,16.15914,,8.37160399,,1.16135,,,,
2,93,-6.5462,0.0442,17.6929,17.13139,,9.34385399,,-7.4063,0.0232,16.4664,16.17774,,8.39020399,,0.95365,,,,
2,94,-5.2465,0.1309,18.9926,18.43109,,10.64355399,,-5.1421,0.1464,18.7306,18.44194,,10.65440399,,-0.01085,,,,
2,95,-10.1006,0.0047,14.1385,13.57699,,5.78945399,,-10.2793,0.0043,13.5934,13.30474,,5.51720399,,0.27225,,,,
2,96,-7.6386,0.0198,16.6005,16.03899,,8.25145399,,-7.7939,0.0179,16.0788,15.79014,,8.00260399,,0.24885,,,,
2,97,-13.483,0.001,10.7561,10.19459,,2.40705399,,-13.0619,0.0011,10.8108,10.52214,,2.73460399,,-0.32755,,,,
2,98,-6.4956,0.0457,17.7435,17.18199,,9.39445399,,-6.6383,0.042,17.2344,16.94574,,9.15820399,,0.23625,,,,
2,99,-6.3081,0.0542,17.931,17.36949,,9.58195399,,-6.408,0.0504,17.4647,17.17604,,9.38850399,,0.19345,,,,
2,100,-5.8945,0.097,18.3446,17.78309,,9.99555399,,-6.2462,0.064,17.6265,17.33784,,9.55030399,,0.44525,,,,
2,101,-9.8347,0.0055,14.4044,13.84289,,6.05535399,,-9.8749,0.0054,13.9978,13.70914,,5.92160399,,0.13375,,,,
2,102,-6.1765,0.0769,18.0626,17.50109,,9.71355399,,-6.2712,0.0713,17.6015,17.31284,,9.52530399,,0.18825,,,,
2,103,-7.8348,0.0172,16.4043,15.84279,,8.05525399,,-8.1706,0.0138,15.7021,15.41344,,7.62590399,,0.42935,,,,
2,104,-7.0806,0.0296,17.1585,16.59699,,8.80945399,,-6.773,0.038,17.0997,16.81104,,9.02350399,,-0.21405,,,,
2,105,-10.4682,0.004,13.7709,13.20939,,5.42185399,,-10.0703,0.0049,13.8024,13.51374,,5.72620399,,-0.30435,,,,
2,106,-7.5876,0.0241,16.6515,16.08999,,8.30245399,,-7.3204,0.0297,16.5523,16.26364,,8.47610399,,-0.17365,,,,
2,107,-6.0826,0.0659,18.1565,17.59499,,9.80745399,,-6.0865,0.0682,17.7862,17.49754,,9.71000399,,0.09745,,,,
2,108,-4.6486,0.2328,19.5905,19.02899,,11.24145399,,-4.4132,0.3292,19.4595,19.17084,,11.38330399,,-0.14185,,,,
2,109,-4.7336,0.2174,19.5055,18.94399,,11.15645399,,-5.32,0.1322,18.5527,18.26404,,10.47650399,,0.67995,,,,
2,110,-11.1411,0.0028,13.098,12.53649,,4.74895399,,-10.8672,0.0033,13.0055,12.71684,,4.92930399,,-0.18035,,,,
3,1,-7.9204,0.0141,16.81319,16.25168,,8.46414399,,-7.8004,0.0153,19.3506,19.06194,,11.27440399,,-2.81026,,,,
3,2,-6.3313,0.0406,18.40229,17.84078,,10.05324399,,-6.4856,0.0365,18.50285,18.21419,,10.42665399,,-0.37341,,,,
3,3,-6.5791,0.0337,18.15449,17.59298,,9.80544399,,-7.7269,0.0159,17.26155,16.97289,,9.18535399,,0.62009,,,,
3,4,-5.8613,0.0586,18.87229,18.31078,,10.52324399,,-5.6158,0.0719,19.37265,19.08399,,11.29645399,,-0.77321,,,,
3,5,-7.5482,0.0177,17.18539,16.62388,,8.83634399,,-8.0882,0.0144,16.90025,16.61159,,8.82405399,,0.01229,,,,
3,6,-5.7796,0.0616,18.95399,18.39248,,10.60494399,,-5.9891,0.0695,18.99935,18.71069,,10.92315399,,-0.31821,,,,
3,7,-6.2193,0.044,18.51429,17.95278,,10.16524399,,-6.4113,0.0385,18.57715,18.28849,,10.50095399,,-0.33571,,,,
3,8,-5.4792,0.0793,19.25439,18.69288,,10.90534399,,-6.6512,0.0324,18.33725,18.04859,,10.26105399,,0.64429,,,,
3,9,-6.1544,0.0464,18.57919,18.01768,,10.23014399,,-5.8229,0.0605,19.16555,18.87689,,11.08935399,,-0.85921,,,,
3,10,-5.5512,0.0746,19.18239,18.62088,,10.83334399,,-5.4666,0.08,19.52185,19.23319,,11.44565399,,-0.61231,,,,
3,11,-6.6039,0.0333,18.12969,17.56818,,9.78064399,,-7.2512,0.0259,17.73725,17.44859,,9.66105399,,0.11959,,,,
3,12,-6.9797,0.0255,17.75389,17.19238,,9.40484399,,-6.8328,0.0284,18.15565,17.86699,,10.07945399,,-0.67461,,,,
3,13,-5.7971,0.0618,18.93649,18.37498,,10.58744399,,-7.2099,0.0266,17.77855,17.48989,,9.70235399,,0.88509,,,,
3,14,-5.4874,0.0779,19.24619,18.68468,,10.89714399,,-5.3277,0.0908,19.66075,19.37209,,11.58455399,,-0.68741,,,,
3,15,-5.5049,0.0773,19.22869,18.66718,,10.87964399,,-6.9714,0.0318,18.01705,17.72839,,9.94085399,,0.93879,,,,
3,16,-6.1066,0.0479,18.62699,18.06548,,10.27794399,,-6.2789,0.0422,18.70955,18.42089,,10.63335399,,-0.35541,,,,
3,17,-9.2632,0.0068,15.47039,14.90888,,7.12134399,,-10.1549,0.0044,14.83355,14.54489,,6.75735399,,0.36399,,,,
3,18,-12.012,0.0018,12.72159,12.16008,,4.37254399,,-11.2743,0.0026,13.71415,13.42549,,5.63795399,,-1.26541,,,,
3,19,-9.9966,0.0048,14.73699,14.17548,,6.38794399,,-10.2012,0.0043,14.78725,14.49859,,6.71105399,,-0.32311,,,,
3,20,-8.7006,0.0091,16.03299,15.47148,,7.68394399,,-9.1566,0.0076,15.83185,15.54319,,7.75565399,,-0.07171,,,,
3,21,-6.6919,0.0393,18.04169,17.48018,,9.69264399,,-7.0095,0.025,17.97895,17.69029,,9.90275399,,-0.21011,,,,
3,23,-13.5689,0.0009,11.16469,10.60318,,2.81564399,,-13.1897,0.0011,11.79875,11.51009,,3.72255399,,-0.90691,,,,
3,24,-8.603,0.0097,16.13059,15.56908,,7.78154399,,-8.2038,0.0135,16.78465,16.49599,,8.70845399,,-0.92691,,,,
3,25,-5.6217,0.0701,19.11189,18.55038,,10.76284399,,-5.6231,0.0953,19.36535,19.07669,,11.28915399,,-0.52631,,,,
3,26,-5.7721,0.0845,18.96149,18.39998,,10.61244399,,-5.9187,0.0747,19.06975,18.78109,,10.99355399,,-0.38111,,,,
3,27,-7.3058,0.0247,17.42779,16.86628,,9.07874399,,-8.347,0.0123,16.64145,16.35279,,8.56525399,,0.51349,,,,
3,28,-6.5649,0.0434,18.16869,17.60718,,9.81964399,,-6.7855,0.0365,18.20295,17.91429,,10.12675399,,-0.30711,,,,
3,29,-6.3036,0.0537,18.42999,17.86848,,10.08094399,,-6.7367,0.0379,18.25175,17.96309,,10.17555399,,-0.09461,,,,
3,30,-7.4453,0.0223,17.28829,16.72678,,8.93924399,,-7.3674,0.0198,17.62105,17.33239,,9.54485399,,-0.60561,,,,
3,31,-6.5661,0.034,18.16749,17.60598,,9.81844399,,-6.7603,0.0371,18.22815,17.93949,,10.15195399,,-0.33351,,,,
3,32,-5.3575,0.0867,19.37609,18.81458,,11.02704399,,-4.1545,0.2468,20.83395,20.54529,,12.75775399,,-1.73071,,,,
3,33,-10.4445,0.0038,14.28909,13.72758,,5.94004399,,-10.0055,0.0047,14.98295,14.69429,,6.90675399,,-0.96671,,,,
3,34,-5.5391,0.1033,19.19449,18.63298,,10.84544399,,-5.5353,0.1029,19.45315,19.16449,,11.37695399,,-0.53151,,,,
3,35,-8.8383,0.0085,15.89529,15.33378,,7.54624399,,-8.9374,0.0081,16.05105,15.76239,,7.97485399,,-0.42861,,,,
3,36,-5.1827,0.1398,19.55089,18.98938,,11.20184399,,-6.2009,0.0452,18.78755,18.49889,,10.71135399,,0.49049,,,,
3,37,-5.483,0.1072,19.25059,18.68908,,10.90154399,,-4.8525,0.1883,20.13595,19.84729,,12.05975399,,-1.15821,,,,
3,38,-5.8208,0.06,18.91279,18.35128,,10.56374399,,-5.0892,0.152,19.89925,19.61059,,11.82305399,,-1.25931,,,,
3,39,-5.8852,0.057,18.84839,18.28688,,10.49934399,,-5.4319,0.0828,19.55655,19.26789,,11.48035399,,-0.98101,,,,
3,40,-5.223,0.1362,19.51059,18.94908,,11.16154399,,-5.1334,0.1468,19.85505,19.56639,,11.77885399,,-0.61731,,,,
3,41,-6.7193,0.0383,18.01429,17.45278,,9.66524399,,-6.8265,0.0284,18.16195,17.87329,,10.08575399,,-0.42051,,,,
3,42,-6.2601,0.043,18.47349,17.91198,,10.12444399,,-6.166,0.0581,18.82245,18.53379,,10.74625399,,-0.62181,,,,
3,43,-8.1251,0.0126,16.60849,16.04698,,8.25944399,,-8.2088,0.012,16.77965,16.49099,,8.70345399,,-0.44401,,,,
3,44,-5.4859,0.0781,19.24769,18.68618,,10.89864399,,-5.4426,0.1108,19.54585,19.25719,,11.46965399,,-0.57101,,,,
3,45,-9.6235,0.0057,15.11009,14.54858,,6.76104399,,-9.4414,0.0063,15.54705,15.25839,,7.47085399,,-0.70981,,,,
3,46,-6.5942,0.0425,18.13939,17.57788,,9.79034399,,-7.0211,0.0249,17.96735,17.67869,,9.89115399,,-0.10081,,,,
3,47,-5.9404,0.0544,18.79319,18.23168,,10.44414399,,-6.9814,0.0314,18.00705,17.71839,,9.93085399,,0.51329,,,,
3,48,-13.6181,0.0012,11.11549,10.55398,,2.76644399,,-13.3432,0.0013,11.64525,11.35659,,3.56905399,,-0.80261,,,,
3,49,-6.2249,0.0438,18.50869,17.94718,,10.15964399,,-6.553,0.0436,18.43545,18.14679,,10.35925399,,-0.19961,,,,
3,50,-5.7291,0.064,19.00449,18.44298,,10.65544399,,-5.3937,0.0841,19.59475,19.30609,,11.51855399,,-0.86311,,,,
3,51,-5.7064,0.0652,19.02719,18.46568,,10.67814399,,-6.5926,0.0424,18.39585,18.10719,,10.31965399,,0.35849,,,,
3,52,-7.3516,0.0199,17.38199,16.82048,,9.03294399,,-8.2197,0.0133,16.76875,16.48009,,8.69255399,,0.34039,,,,
3,53,-7.6063,0.0171,17.12729,16.56578,,8.77824399,,-7.4297,0.0228,17.55875,17.27009,,9.48255399,,-0.70431,,,,
3,54,-5.3716,0.0862,19.36199,18.80048,,11.01294399,,-4.8331,0.1351,20.15535,19.86669,,12.07915399,,-1.06621,,,,
3,55,-5.4506,0.0804,19.28299,18.72148,,10.93394399,,-5.024,0.1598,19.96445,19.67579,,11.88825399,,-0.95431,,,,
3,56,-5.5085,0.0765,19.22509,18.66358,,10.87604399,,-5.7351,0.0865,19.25335,18.96469,,11.17715399,,-0.30111,,,,
3,57,-5.5965,0.098,19.13709,18.57558,,10.78804399,,-5.8001,0.082,19.18835,18.89969,,11.11215399,,-0.32411,,,,
3,58,-9.246,0.0073,15.48759,14.92608,,7.13854399,,-9.1305,0.0077,15.85795,15.56929,,7.78175399,,-0.64321,,,,
3,59,-5.8836,0.0761,18.84999,18.28848,,10.50094399,,-5.2782,0.1289,19.71025,19.42159,,11.63405399,,-1.13311,,,,
3,60,-5.04,0.1136,19.69359,19.13208,,11.34454399,,-5.0612,0.1552,19.92725,19.63859,,11.85105399,,-0.50651,,,,
3,61,-7.2098,0.0266,17.52379,16.96228,,9.17474399,,-7.8524,0.0147,17.13605,16.84739,,9.05985399,,0.11489,,,,
3,62,-6.3385,0.0405,18.39509,17.83358,,10.04604399,,-6.6205,0.0417,18.36795,18.07929,,10.29175399,,-0.24571,,,,
3,63,-4.9982,0.1643,19.73539,19.17388,,11.38634399,,-5.7092,0.0651,19.27925,18.99059,,11.20305399,,0.18329,,,,
3,64,-5.6917,0.0665,19.04189,18.48038,,10.69284399,,-6.1899,0.0593,18.79855,18.50989,,10.72235399,,-0.02951,,,,
3,65,-7.2002,0.022,17.53339,16.97188,,9.18434399,,-7.3839,0.0221,17.60455,17.31589,,9.52835399,,-0.34401,,,,
3,66,-5.4003,0.085,19.33329,18.77178,,10.98424399,,-5.1759,0.1415,19.81255,19.52389,,11.73635399,,-0.75211,,,,
3,67,-6.6554,0.0403,18.07819,17.51668,,9.72914399,,-6.7433,0.0302,18.24515,17.95649,,10.16895399,,-0.43981,,,,
3,68,-7.2785,0.0252,17.45509,16.89358,,9.10604399,,-7.7102,0.0186,17.27825,16.98959,,9.20205399,,-0.09601,,,,
3,69,-13.6656,0.0009,11.06799,10.50648,,2.71894399,,-13.2751,0.0011,11.71335,11.42469,,3.63715399,,-0.91821,,,,
3,70,-5.6498,0.0694,19.08379,18.52228,,10.73474399,,-5.793,0.0834,19.19545,18.90679,,11.11925399,,-0.38451,,,,
3,71,-5.4073,0.084,19.32629,18.76478,,10.97724399,,-5.5693,0.0998,19.41915,19.13049,,11.34295399,,-0.36571,,,,
3,72,-6.8438,0.0283,17.88979,17.32828,,9.54074399,,-6.924,0.0331,18.06445,17.77579,,9.98825399,,-0.44751,,,,
3,73,-7.0123,0.031,17.72129,17.15978,,9.37224399,,-7.2233,0.0265,17.76515,17.47649,,9.68895399,,-0.31671,,,,
3,74,-6.6076,0.0419,18.12599,17.56448,,9.77694399,,-6.7783,0.037,18.21015,17.92149,,10.13395399,,-0.35701,,,,
3,75,-5.7531,0.0862,18.98049,18.41898,,10.63144399,,-6.8417,0.0356,18.14675,17.85809,,10.07055399,,0.56089,,,,
3,76,-6.4448,0.0482,18.28879,17.72728,,9.93974399,,-6.2973,0.0548,18.69115,18.40249,,10.61495399,,-0.67521,,,,
3,77,-5.5789,0.0995,19.15469,18.59318,,10.80564399,,-5.6904,0.0676,19.29805,19.00939,,11.22185399,,-0.41621,,,,
3,78,-8.3535,0.0123,16.38009,15.81858,,8.03104399,,-8.4331,0.0117,16.55535,16.26669,,8.47915399,,-0.44811,,,,
3,79,-9.2951,0.0072,15.43849,14.87698,,7.08944399,,-9.2799,0.0072,15.70855,15.41989,,7.63235399,,-0.54291,,,,
1,1,-9.0338,0.0172,16.42545,15.86394,,8.07640399,,-9.5869,0.0133,14.570855,14.282195,,6.49465899,,1.581745,,,,
1,2,-7.6618,0.0332,17.79745,17.23594,,9.44840399,,-8.5874,0.0216,16.26857,15.97991,,8.19237399,,1.25603,,,,
1,3,-3.9537,0.3356,21.50555,20.94404,,13.15650399,,-4.9759,0.1621,19.88007,19.59141,,11.80387399,,1.35263,,,,
1,4,-11.0828,0.0066,14.37645,13.81494,,6.02740399,,-11.1993,0.0063,13.65667,13.36801,,5.58047399,,0.44693,,,,
1,5,-4.6471,0.1985,20.81215,20.25064,,12.46310399,,-6.1569,0.0754,18.69907,18.41041,,10.62287399,,1.84023,,,,
1,6,-5.0771,0.1471,20.38215,19.82064,,12.03310399,,-5.9774,0.0835,18.87857,18.58991,,10.80237399,,1.23073,,,,
1,7,-6.2778,0.069,19.18145,18.61994,,10.83240399,,-6.9794,0.0508,17.87657,17.58791,,9.80037399,,1.03203,,,,
1,8,-5.471,0.113,19.98825,19.42674,,11.63920399,,-6.1447,0.0847,18.71127,18.42261,,10.63507399,,1.00413,,,,
1,9,-5.2966,0.1257,20.16265,19.60114,,11.81360399,,-6.5298,0.0665,18.32617,18.03751,,10.24997399,,1.56363,,,,
1,10,-5.2961,0.1263,20.16315,19.60164,,11.81410399,,-6.0975,0.088,18.75847,18.46981,,10.68227399,,1.13183,,,,
1,11,-6.8729,0.0542,18.58635,18.02484,,10.23730399,,-7.4618,0.039,17.39417,17.10551,,9.31797399,,0.91933,,,,
1,12,-4.9613,0.1578,20.49795,19.93644,,12.14890399,,-7.0374,0.0487,17.81857,17.52991,,9.74237399,,2.40653,,,,
1,13,-5.7768,0.1095,19.68245,19.12094,,11.33340399,,-7.5928,0.0363,17.26317,16.97451,,9.18697399,,2.14643,,,,
1,14,-4.9166,0.1622,20.54265,19.98114,,12.19360399,,-6.6824,0.0586,18.17357,17.88491,,10.09737399,,2.09623,,,,
1,15,-4.5799,0.2065,20.87935,20.31784,,12.53030399,,-5.5941,0.1236,19.26187,18.97321,,11.18567399,,1.34463,,,,
1,16,-9.1443,0.0163,16.31495,15.75344,,7.96590399,,-9.5102,0.0138,15.34577,15.05711,,7.26957399,,0.69633,,,,
1,17,-8.4916,0.0222,16.96765,16.40614,,8.61860399,,-9.5516,0.0136,15.30437,15.01571,,7.22817399,,1.39043,,,,
1,18,-5.8424,0.0888,19.61685,19.05534,,11.26780399,,-6.5241,0.0668,18.33187,18.04321,,10.25567399,,1.01213,,,,
1,19,-7.2788,0.0403,18.18045,17.61894,,9.83140399,,-7.9475,0.0299,16.90847,16.61981,,8.83227399,,0.99913,,,,
1,20,-5.7927,0.0916,19.66655,19.10504,,11.31750399,,-6.2759,0.078,18.58007,18.29141,,10.50387399,,0.81363,,,,
1,21,-8.1734,0.0258,17.28585,16.72434,,8.93680399,,-9.2182,0.0159,15.63777,15.34911,,7.56157399,,1.37523,,,,
1,22,-8.588,0.0216,16.87125,16.30974,,8.52220399,,-9.2374,0.0158,15.61857,15.32991,,7.54237399,,0.97983,,,,
1,23,-7.0078,0.0463,18.45145,17.88994,,10.10240399,,-7.7127,0.0338,17.14327,16.85461,,9.06707399,,1.03533,,,,
1,24,-8.3252,0.024,17.13405,16.57254,,8.78500399,,-9.0454,0.0173,15.81057,15.52191,,7.73437399,,1.05063,,,,
1,25,-8.7732,0.0194,16.68605,16.12454,,8.33700399,,-10.068,0.0106,14.78797,14.49931,,6.71177399,,1.62523,,,,
1,26,-5.4197,0.1156,20.03955,19.47804,,11.69050399,,-6.7016,0.0597,18.15437,17.86571,,10.07817399,,1.61233,,,,
1,27,-11.5775,0.0053,13.88175,13.32024,,5.53270399,,-11.4874,0.0055,13.36857,13.07991,,5.29237399,,0.24033,,,,
1,28,-5.1825,0.1355,20.27675,19.71524,,11.92770399,,-7.3657,0.0408,17.49027,17.20161,,9.41407399,,2.51363,,,,
1,29,-5.5373,0.108,19.92195,19.36044,,11.57290399,,-6.4261,0.071,18.42987,18.14121,,10.35367399,,1.21923,,,,
1,30,-8.0628,0.0273,17.39645,16.83494,,9.04740399,,-8.7775,0.0197,16.07847,15.78981,,8.00227399,,1.04513,,,,
1,31,-8.0471,0.0284,17.41215,16.85064,,9.06310399,,-8.6111,0.0214,16.24487,15.95621,,8.16867399,,0.89443,,,,
1,32,-6.3556,0.0658,19.10365,18.54214,,10.75460399,,-7.0408,0.0489,17.81517,17.52651,,9.73897399,,1.01563,,,,
1,33,-5.3515,0.1476,20.10775,19.54624,,11.75870399,,-5.7622,0.1113,19.09377,18.80511,,11.01757399,,0.74113,,,,
1,34,-5.1937,0.1342,20.26555,19.70404,,11.91650399,,-5.5355,0.1293,19.32047,19.03181,,11.24427399,,0.67223,,,,
1,35,-5.1796,0.1358,20.27965,19.71814,,11.93060399,,-5.8914,0.0998,18.96457,18.67591,,10.88837399,,1.04223,,,,
1,36,-5.3469,0.1225,20.11235,19.55084,,11.76330399,,-5.7807,0.1098,19.07527,18.78661,,10.99907399,,0.76423,,,,
1,37,-6.4774,0.0615,18.98185,18.42034,,10.63280399,,-7.3113,0.0419,17.54467,17.25601,,9.46847399,,1.16433,,,,
1,38,-12.4281,0.0036,13.03115,12.46964,,4.68210399,,-12.4197,0.0036,12.43627,12.14761,,4.36007399,,0.32203,,,,
1,39,-7.289,0.04,18.17025,17.60874,,9.82120399,,-7.8255,0.0319,17.03047,16.74181,,8.95427399,,0.86693,,,,
1,40,-11.3459,0.0059,14.11335,13.55184,,5.76430399,,-11.5188,0.0054,13.33717,13.04851,,5.26097399,,0.50333,,,,
1,41,-7.0151,0.0461,18.44415,17.88264,,10.09510399,,-8.006,0.029,16.84997,16.56131,,8.77377399,,1.32133,,,,
1,42,-6.904,0.0489,18.55525,17.99374,,10.20620399,,-7.3538,0.041,17.50217,17.21351,,9.42597399,,0.78023,,,,
1,43,-5.9697,0.0823,19.48955,18.92804,,11.14050399,,-6.6349,0.0621,18.22107,17.93241,,10.14487399,,0.99563,,,,
1,44,-6.6578,0.0558,18.80145,18.23994,,10.45240399,,-8.4927,0.0227,16.36327,16.07461,,8.28707399,,2.16533,,,,
1,45,-5.7795,0.1079,19.67975,19.11824,,11.33070399,,-6.1673,0.0841,18.68867,18.40001,,10.61247399,,0.71823,,,,
1,46,-5.2672,0.1279,20.19205,19.63054,,11.84300399,,-6.1371,0.0846,18.71887,18.43021,,10.64267399,,1.20033,,,,
1,47,-6.0049,0.0807,19.45435,18.89284,,11.10530399,,-6.7784,0.0573,18.07757,17.78891,,10.00137399,,1.10393,,,,
1,48,-5.2263,0.1319,20.23295,19.67144,,11.88390399,,-5.9331,0.0981,18.92287,18.63421,,10.84667399,,1.03723,,,,
1,49,-5.4241,0.1161,20.03515,19.47364,,11.68610399,,-6.4836,0.0686,18.37237,18.08371,,10.29617399,,1.38993,,,,
1,50,-9.4744,0.0139,15.98485,15.42334,,7.63580399,,-9.8902,0.0116,14.96577,14.67711,,6.88957399,,0.74623,,,,
1,51,-10.4778,0.0088,14.98145,14.41994,,6.63240399,,-10.9535,0.007,13.90247,13.61381,,5.82627399,,0.80613,,,,
1,52,-9.0005,0.0174,16.45875,15.89724,,8.10970399,,-9.5659,0.0135,15.29007,15.00141,,7.21387399,,0.89583,,,,
1,53,-6.3112,0.068,19.14805,18.58654,,10.79900399,,-7.1738,0.0485,17.68217,17.39351,,9.60597399,,1.19303,,,,
1,54,-5.1409,0.139,20.31835,19.75684,,11.96930399,,-5.8405,0.1038,19.01547,18.72681,,10.93927399,,1.03003,,,,
1,55,-5.1437,0.1389,20.31555,19.75404,,11.96650399,,-5.5263,0.1303,19.32967,19.04101,,11.25347399,,0.71303,,,,
1,56,-6.0293,0.0797,19.42995,18.86844,,11.08090399,,-7.0282,0.0493,17.82777,17.53911,,9.75157399,,1.32933,,,,
1,57,-6.3228,0.0672,19.13645,18.57494,,10.78740399,,-7.3286,0.0415,17.52737,17.23871,,9.45117399,,1.33623,,,,
1,58,-6.1173,0.0757,19.34195,18.78044,,10.99290399,,-6.9906,0.0505,17.86537,17.57671,,9.78917399,,1.20373,,,,
1,59,-6.2017,0.072,19.25755,18.69604,,10.90850399,,-6.6462,0.0618,18.20977,17.92111,,10.13357399,,0.77493,,,,
1,60,-4.5484,0.2127,20.91085,20.34934,,12.56180399,,-4.9109,0.2065,19.94507,19.65641,,11.86887399,,0.69293,,,,
1,61,-9.4276,0.0143,16.03165,15.47014,,7.68260399,,-10.0471,0.0108,14.80887,14.52021,,6.73267399,,0.94993,,,,
1,62,-8.0926,0.0277,17.36665,16.80514,,9.01760399,,-9.138,0.0166,15.71797,15.42931,,7.64177399,,1.37583,,,,
1,63,-6.3352,0.0668,19.12405,18.56254,,10.77500399,,-7.1533,0.0459,17.70267,17.41401,,9.62647399,,1.14853,,,,
1,64,-5.8671,0.0894,19.59215,19.03064,,11.24310399,,-6.3803,0.0744,18.47567,18.18701,,10.39947399,,0.84363,,,,
1,65,-8.2866,0.0251,17.17265,16.61114,,8.82360399,,-8.8268,0.0196,16.02917,15.74051,,7.95297399,,0.87063,,,,
1,66,-6.4337,0.0705,19.02555,18.46404,,10.67650399,,-6.8412,0.0554,18.01477,17.72611,,9.93857399,,0.73793,,,,
1,67,-7.0983,0.0442,18.36095,17.79944,,10.01190399,,-7.4786,0.0384,17.37737,17.08871,,9.30117399,,0.71073,,,,
1,68,-8.6168,0.0209,16.84245,16.28094,,8.49340399,,-9.316,0.0154,15.53997,15.25131,,7.46377399,,1.02963,,,,
1,69,-6.5698,0.0587,18.88945,18.32794,,10.54040399,,-7.3361,0.0415,17.51987,17.23121,,9.44367399,,1.09673,,,,
1,70,-5.0189,0.1725,20.44035,19.87884,,12.09130399,,-6.0745,0.0886,18.78147,18.49281,,10.70527399,,1.38603,,,,
1,71,-7.6795,0.0329,17.77975,17.21824,,9.43070399,,-8.1139,0.0275,16.74207,16.45341,,8.66587399,,0.76483,,,,
1,72,-6.4709,0.062,18.98835,18.42684,,10.63930399,,-7.0443,0.049,17.81167,17.52301,,9.73547399,,0.90383,,,,
1,73,-5.9239,0.0848,19.53535,18.97384,,11.18630399,,-6.5262,0.0671,18.32977,18.04111,,10.25357399,,0.93273,,,,
1,74,-7.073,0.048,18.38625,17.82474,,10.03720399,,-7.8183,0.0321,17.03767,16.74901,,8.96147399,,1.07573,,,,
1,75,-5.0331,0.1713,20.42615,19.86464,,12.07710399,,-6.6725,0.061,18.18347,17.89481,,10.10727399,,1.96983,,,,
1,76,-6.6077,0.0575,18.85155,18.29004,,10.50250399,,-7.1591,0.046,17.69687,17.40821,,9.62067399,,0.88183,,,,
1,77,-8.5487,0.0221,16.91055,16.34904,,8.56150399,,-9.0271,0.0178,15.82887,15.54021,,7.75267399,,0.80883,,,,
1,78,-4.3958,0.315,21.06345,20.50194,,12.71440399,,-5.1322,0.1752,19.72377,19.43511,,11.64757399,,1.06683,,,,
1,79,-8.1937,0.0273,17.26555,16.70404,,8.91650399,,-8.0452,0.0285,16.81077,16.52211,,8.73457399,,0.18193,,,,